pair,base,quote,status,last_updated
EOSETH,EOS,ETH,BREAK,2025-09-16 14:48:48
SNTETH,SNT,ETH,BREAK,2025-09-16 14:48:48
BNTETH,BNT,ETH,BREAK,2025-09-16 14:48:48
BCCBTC,BCC,BTC,BREAK,2025-09-16 14:48:48
HSRBTC,HSR,BTC,BREAK,2025-09-16 14:48:48
OAXETH,OAX,ETH,BREAK,2025-09-16 14:48:48
DNTETH,DNT,ETH,BREAK,2025-09-16 14:48:48
MCOETH,MCO,ETH,BREAK,2025-09-16 14:48:48
ICNETH,ICN,ETH,BREAK,2025-09-16 14:48:48
MCOBTC,MCO,BTC,BREAK,2025-09-16 14:48:48
WTCBTC,WTC,BTC,BREAK,2025-09-16 14:48:48
WTCETH,WTC,ETH,BREAK,2025-09-16 14:48:48
YOYOBTC,YOYO,BTC,BREAK,2025-09-16 14:48:48
OMGBTC,OMG,BTC,BREAK,2025-09-16 14:48:48
OMGETH,OMG,ETH,BREAK,2025-09-16 14:48:48
ZRXETH,ZRX,ETH,BREAK,2025-09-16 14:48:48
STRATBTC,STRAT,BTC,BREAK,2025-09-16 14:48:48
STRATETH,STRAT,ETH,BREAK,2025-09-16 14:48:48
SNGLSBTC,SNGLS,BTC,BREAK,2025-09-16 14:48:48
SNGLSETH,SNGLS,ETH,BREAK,2025-09-16 14:48:48
BQXBTC,BQX,BTC,BREAK,2025-09-16 14:48:48
BQXETH,BQX,ETH,BREAK,2025-09-16 14:48:48
KNCETH,KNC,ETH,BREAK,2025-09-16 14:48:48
FUNBTC,FUN,BTC,BREAK,2025-09-16 14:48:48
FUNETH,FUN,ETH,BREAK,2025-09-16 14:48:48
SNMBTC,SNM,BTC,BREAK,2025-09-16 14:48:48
SNMETH,SNM,ETH,BREAK,2025-09-16 14:48:48
NEOETH,NEO,ETH,BREAK,2025-09-16 14:48:48
XVGBTC,XVG,BTC,BREAK,2025-09-16 14:48:48
SALTBTC,SALT,BTC,BREAK,2025-09-16 14:48:48
SALTETH,SALT,ETH,BREAK,2025-09-16 14:48:48
MDABTC,MDA,BTC,BREAK,2025-09-16 14:48:48
MDAETH,MDA,ETH,BREAK,2025-09-16 14:48:48
MTLETH,MTL,ETH,BREAK,2025-09-16 14:48:48
SUBBTC,SUB,BTC,BREAK,2025-09-16 14:48:48
SUBETH,SUB,ETH,BREAK,2025-09-16 14:48:48
EOSBTC,EOS,BTC,BREAK,2025-09-16 14:48:48
SNTBTC,SNT,BTC,BREAK,2025-09-16 14:48:48
MTHBTC,MTH,BTC,BREAK,2025-09-16 14:48:48
MTHETH,MTH,ETH,BREAK,2025-09-16 14:48:48
ENGBTC,ENG,BTC,BREAK,2025-09-16 14:48:48
ENGETH,ENG,ETH,BREAK,2025-09-16 14:48:48
DNTBTC,DNT,BTC,BREAK,2025-09-16 14:48:48
BNTBTC,BNT,BTC,BREAK,2025-09-16 14:48:48
ASTBTC,AST,BTC,BREAK,2025-09-16 14:48:48
ASTETH,AST,ETH,BREAK,2025-09-16 14:48:48
OAXBTC,OAX,BTC,BREAK,2025-09-16 14:48:48
ICNBTC,ICN,BTC,BREAK,2025-09-16 14:48:48
BTGBTC,BTG,BTC,BREAK,2025-09-16 14:48:48
BTGETH,BTG,ETH,BREAK,2025-09-16 14:48:48
EVXBTC,EVX,BTC,BREAK,2025-09-16 14:48:48
EVXETH,EVX,ETH,BREAK,2025-09-16 14:48:48
REQETH,REQ,ETH,BREAK,2025-09-16 14:48:48
VIBBTC,VIB,BTC,BREAK,2025-09-16 14:48:48
VIBETH,VIB,ETH,BREAK,2025-09-16 14:48:48
HSRETH,HSR,ETH,BREAK,2025-09-16 14:48:48
ARKBTC,ARK,BTC,BREAK,2025-09-16 14:48:48
ARKETH,ARK,ETH,BREAK,2025-09-16 14:48:48
YOYOETH,YOYO,ETH,BREAK,2025-09-16 14:48:48
MODBTC,MOD,BTC,BREAK,2025-09-16 14:48:48
MODETH,MOD,ETH,BREAK,2025-09-16 14:48:48
ENJETH,ENJ,ETH,BREAK,2025-09-16 14:48:48
STORJETH,STORJ,ETH,BREAK,2025-09-16 14:48:48
VENBNB,VEN,BNB,BREAK,2025-09-16 14:48:48
YOYOBNB,YOYO,BNB,BREAK,2025-09-16 14:48:48
POWRBNB,POWR,BNB,BREAK,2025-09-16 14:48:48
VENBTC,VEN,BTC,BREAK,2025-09-16 14:48:48
VENETH,VEN,ETH,BREAK,2025-09-16 14:48:48
KMDBTC,KMD,BTC,BREAK,2025-09-16 14:48:48
KMDETH,KMD,ETH,BREAK,2025-09-16 14:48:48
NULSBNB,NULS,BNB,BREAK,2025-09-16 14:48:48
RCNBTC,RCN,BTC,BREAK,2025-09-16 14:48:48
RCNETH,RCN,ETH,BREAK,2025-09-16 14:48:48
RCNBNB,RCN,BNB,BREAK,2025-09-16 14:48:48
NULSBTC,NULS,BTC,BREAK,2025-09-16 14:48:48
NULSETH,NULS,ETH,BREAK,2025-09-16 14:48:48
RDNBTC,RDN,BTC,BREAK,2025-09-16 14:48:48
RDNETH,RDN,ETH,BREAK,2025-09-16 14:48:48
RDNBNB,RDN,BNB,BREAK,2025-09-16 14:48:48
XMRBTC,XMR,BTC,BREAK,2025-09-16 14:48:48
XMRETH,XMR,ETH,BREAK,2025-09-16 14:48:48
DLTBNB,DLT,BNB,BREAK,2025-09-16 14:48:48
WTCBNB,WTC,BNB,BREAK,2025-09-16 14:48:48
DLTBTC,DLT,BTC,BREAK,2025-09-16 14:48:48
DLTETH,DLT,ETH,BREAK,2025-09-16 14:48:48
AMBBTC,AMB,BTC,BREAK,2025-09-16 14:48:48
AMBETH,AMB,ETH,BREAK,2025-09-16 14:48:48
AMBBNB,AMB,BNB,BREAK,2025-09-16 14:48:48
BCCETH,BCC,ETH,BREAK,2025-09-16 14:48:48
BCCUSDT,BCC,USDT,BREAK,2025-09-16 14:48:48
BCCBNB,BCC,BNB,BREAK,2025-09-16 14:48:48
BATETH,BAT,ETH,BREAK,2025-09-16 14:48:48
BATBNB,BAT,BNB,BREAK,2025-09-16 14:48:48
BCPTBTC,BCPT,BTC,BREAK,2025-09-16 14:48:48
BCPTETH,BCPT,ETH,BREAK,2025-09-16 14:48:48
BCPTBNB,BCPT,BNB,BREAK,2025-09-16 14:48:48
ARNBTC,ARN,BTC,BREAK,2025-09-16 14:48:48
ARNETH,ARN,ETH,BREAK,2025-09-16 14:48:48
GVTBTC,GVT,BTC,BREAK,2025-09-16 14:48:48
GVTETH,GVT,ETH,BREAK,2025-09-16 14:48:48
CDTBTC,CDT,BTC,BREAK,2025-09-16 14:48:48
CDTETH,CDT,ETH,BREAK,2025-09-16 14:48:48
GXSBTC,GXS,BTC,BREAK,2025-09-16 14:48:48
GXSETH,GXS,ETH,BREAK,2025-09-16 14:48:48
NEOBNB,NEO,BNB,BREAK,2025-09-16 14:48:48
POEBTC,POE,BTC,BREAK,2025-09-16 14:48:48
POEETH,POE,ETH,BREAK,2025-09-16 14:48:48
QSPBTC,QSP,BTC,BREAK,2025-09-16 14:48:48
QSPETH,QSP,ETH,BREAK,2025-09-16 14:48:48
QSPBNB,QSP,BNB,BREAK,2025-09-16 14:48:48
BTSBTC,BTS,BTC,BREAK,2025-09-16 14:48:48
BTSETH,BTS,ETH,BREAK,2025-09-16 14:48:48
BTSBNB,BTS,BNB,BREAK,2025-09-16 14:48:48
XZCBTC,XZC,BTC,BREAK,2025-09-16 14:48:48
XZCETH,XZC,ETH,BREAK,2025-09-16 14:48:48
XZCBNB,XZC,BNB,BREAK,2025-09-16 14:48:48
LSKETH,LSK,ETH,BREAK,2025-09-16 14:48:48
LSKBNB,LSK,BNB,BREAK,2025-09-16 14:48:48
TNTBTC,TNT,BTC,BREAK,2025-09-16 14:48:48
TNTETH,TNT,ETH,BREAK,2025-09-16 14:48:48
FUELBTC,FUEL,BTC,BREAK,2025-09-16 14:48:48
FUELETH,FUEL,ETH,BREAK,2025-09-16 14:48:48
BCDBTC,BCD,BTC,BREAK,2025-09-16 14:48:48
BCDETH,BCD,ETH,BREAK,2025-09-16 14:48:48
DGDBTC,DGD,BTC,BREAK,2025-09-16 14:48:48
DGDETH,DGD,ETH,BREAK,2025-09-16 14:48:48
IOTABNB,IOTA,BNB,BREAK,2025-09-16 14:48:48
ADXBNB,ADX,BNB,BREAK,2025-09-16 14:48:48
PPTBTC,PPT,BTC,BREAK,2025-09-16 14:48:48
PPTETH,PPT,ETH,BREAK,2025-09-16 14:48:48
CMTBTC,CMT,BTC,BREAK,2025-09-16 14:48:48
CMTETH,CMT,ETH,BREAK,2025-09-16 14:48:48
CMTBNB,CMT,BNB,BREAK,2025-09-16 14:48:48
XLMBNB,XLM,BNB,BREAK,2025-09-16 14:48:48
CNDBTC,CND,BTC,BREAK,2025-09-16 14:48:48
CNDETH,CND,ETH,BREAK,2025-09-16 14:48:48
CNDBNB,CND,BNB,BREAK,2025-09-16 14:48:48
LENDBTC,LEND,BTC,BREAK,2025-09-16 14:48:48
LENDETH,LEND,ETH,BREAK,2025-09-16 14:48:48
WABIBTC,WABI,BTC,BREAK,2025-09-16 14:48:48
WABIETH,WABI,ETH,BREAK,2025-09-16 14:48:48
WABIBNB,WABI,BNB,BREAK,2025-09-16 14:48:48
TNBBTC,TNB,BTC,BREAK,2025-09-16 14:48:48
TNBETH,TNB,ETH,BREAK,2025-09-16 14:48:48
WAVESBTC,WAVES,BTC,BREAK,2025-09-16 14:48:48
WAVESETH,WAVES,ETH,BREAK,2025-09-16 14:48:48
WAVESBNB,WAVES,BNB,BREAK,2025-09-16 14:48:48
GTOBTC,GTO,BTC,BREAK,2025-09-16 14:48:48
GTOETH,GTO,ETH,BREAK,2025-09-16 14:48:48
GTOBNB,GTO,BNB,BREAK,2025-09-16 14:48:48
ICXETH,ICX,ETH,BREAK,2025-09-16 14:48:48
ICXBNB,ICX,BNB,BREAK,2025-09-16 14:48:48
OSTBTC,OST,BTC,BREAK,2025-09-16 14:48:48
OSTETH,OST,ETH,BREAK,2025-09-16 14:48:48
OSTBNB,OST,BNB,BREAK,2025-09-16 14:48:48
ELFBTC,ELF,BTC,BREAK,2025-09-16 14:48:48
ELFETH,ELF,ETH,BREAK,2025-09-16 14:48:48
AIONBTC,AION,BTC,BREAK,2025-09-16 14:48:48
AIONETH,AION,ETH,BREAK,2025-09-16 14:48:48
AIONBNB,AION,BNB,BREAK,2025-09-16 14:48:48
NEBLBTC,NEBL,BTC,BREAK,2025-09-16 14:48:48
NEBLBNB,NEBL,BNB,BREAK,2025-09-16 14:48:48
BRDBTC,BRD,BTC,BREAK,2025-09-16 14:48:48
BRDETH,BRD,ETH,BREAK,2025-09-16 14:48:48
BRDBNB,BRD,BNB,BREAK,2025-09-16 14:48:48
MCOBNB,MCO,BNB,BREAK,2025-09-16 14:48:48
EDOBTC,EDO,BTC,BREAK,2025-09-16 14:48:48
EDOETH,EDO,ETH,BREAK,2025-09-16 14:48:48
WINGSBTC,WINGS,BTC,BREAK,2025-09-16 14:48:48
WINGSETH,WINGS,ETH,BREAK,2025-09-16 14:48:48
NAVBTC,NAV,BTC,BREAK,2025-09-16 14:48:48
NAVETH,NAV,ETH,BREAK,2025-09-16 14:48:48
NAVBNB,NAV,BNB,BREAK,2025-09-16 14:48:48
LUNBTC,LUN,BTC,BREAK,2025-09-16 14:48:48
LUNETH,LUN,ETH,BREAK,2025-09-16 14:48:48
TRIGBTC,TRIG,BTC,BREAK,2025-09-16 14:48:48
TRIGETH,TRIG,ETH,BREAK,2025-09-16 14:48:48
TRIGBNB,TRIG,BNB,BREAK,2025-09-16 14:48:48
APPCBTC,APPC,BTC,BREAK,2025-09-16 14:48:48
APPCETH,APPC,ETH,BREAK,2025-09-16 14:48:48
APPCBNB,APPC,BNB,BREAK,2025-09-16 14:48:48
VIBEBTC,VIBE,BTC,BREAK,2025-09-16 14:48:48
VIBEETH,VIBE,ETH,BREAK,2025-09-16 14:48:48
RLCBNB,RLC,BNB,BREAK,2025-09-16 14:48:48
INSBTC,INS,BTC,BREAK,2025-09-16 14:48:48
INSETH,INS,ETH,BREAK,2025-09-16 14:48:48
PIVXBNB,PIVX,BNB,BREAK,2025-09-16 14:48:48
IOSTBTC,IOST,BTC,BREAK,2025-09-16 14:48:48
IOSTETH,IOST,ETH,BREAK,2025-09-16 14:48:48
CHATBTC,CHAT,BTC,BREAK,2025-09-16 14:48:48
CHATETH,CHAT,ETH,BREAK,2025-09-16 14:48:48
STEEMBNB,STEEM,BNB,BREAK,2025-09-16 14:48:48
NANOBTC,NANO,BTC,BREAK,2025-09-16 14:48:48
NANOETH,NANO,ETH,BREAK,2025-09-16 14:48:48
NANOBNB,NANO,BNB,BREAK,2025-09-16 14:48:48
VIABTC,VIA,BTC,BREAK,2025-09-16 14:48:48
VIAETH,VIA,ETH,BREAK,2025-09-16 14:48:48
VIABNB,VIA,BNB,BREAK,2025-09-16 14:48:48
BLZBTC,BLZ,BTC,BREAK,2025-09-16 14:48:48
BLZETH,BLZ,ETH,BREAK,2025-09-16 14:48:48
BLZBNB,BLZ,BNB,BREAK,2025-09-16 14:48:48
AEBTC,AE,BTC,BREAK,2025-09-16 14:48:48
AEETH,AE,ETH,BREAK,2025-09-16 14:48:48
AEBNB,AE,BNB,BREAK,2025-09-16 14:48:48
RPXBTC,RPX,BTC,BREAK,2025-09-16 14:48:48
RPXETH,RPX,ETH,BREAK,2025-09-16 14:48:48
RPXBNB,RPX,BNB,BREAK,2025-09-16 14:48:48
NCASHBTC,NCASH,BTC,BREAK,2025-09-16 14:48:48
NCASHETH,NCASH,ETH,BREAK,2025-09-16 14:48:48
NCASHBNB,NCASH,BNB,BREAK,2025-09-16 14:48:48
POABTC,POA,BTC,BREAK,2025-09-16 14:48:48
POAETH,POA,ETH,BREAK,2025-09-16 14:48:48
POABNB,POA,BNB,BREAK,2025-09-16 14:48:48
ZILBTC,ZIL,BTC,BREAK,2025-09-16 14:48:48
ZILBNB,ZIL,BNB,BREAK,2025-09-16 14:48:48
ONTETH,ONT,ETH,BREAK,2025-09-16 14:48:48
ONTBNB,ONT,BNB,BREAK,2025-09-16 14:48:48
STORMBTC,STORM,BTC,BREAK,2025-09-16 14:48:48
STORMETH,STORM,ETH,BREAK,2025-09-16 14:48:48
STORMBNB,STORM,BNB,BREAK,2025-09-16 14:48:48
QTUMBNB,QTUM,BNB,BREAK,2025-09-16 14:48:48
XEMBTC,XEM,BTC,BREAK,2025-09-16 14:48:48
XEMETH,XEM,ETH,BREAK,2025-09-16 14:48:48
XEMBNB,XEM,BNB,BREAK,2025-09-16 14:48:48
WANETH,WAN,ETH,BREAK,2025-09-16 14:48:48
WANBNB,WAN,BNB,BREAK,2025-09-16 14:48:48
WPRBTC,WPR,BTC,BREAK,2025-09-16 14:48:48
WPRETH,WPR,ETH,BREAK,2025-09-16 14:48:48
QLCBTC,QLC,BTC,BREAK,2025-09-16 14:48:48
QLCETH,QLC,ETH,BREAK,2025-09-16 14:48:48
SYSETH,SYS,ETH,BREAK,2025-09-16 14:48:48
SYSBNB,SYS,BNB,BREAK,2025-09-16 14:48:48
QLCBNB,QLC,BNB,BREAK,2025-09-16 14:48:48
GRSBTC,GRS,BTC,BREAK,2025-09-16 14:48:48
GRSETH,GRS,ETH,BREAK,2025-09-16 14:48:48
CLOAKBTC,CLOAK,BTC,BREAK,2025-09-16 14:48:48
CLOAKETH,CLOAK,ETH,BREAK,2025-09-16 14:48:48
GNTBTC,GNT,BTC,BREAK,2025-09-16 14:48:48
GNTETH,GNT,ETH,BREAK,2025-09-16 14:48:48
GNTBNB,GNT,BNB,BREAK,2025-09-16 14:48:48
LOOMBTC,LOOM,BTC,BREAK,2025-09-16 14:48:48
LOOMETH,LOOM,ETH,BREAK,2025-09-16 14:48:48
LOOMBNB,LOOM,BNB,BREAK,2025-09-16 14:48:48
BCNBTC,BCN,BTC,BREAK,2025-09-16 14:48:48
BCNETH,BCN,ETH,BREAK,2025-09-16 14:48:48
BCNBNB,BCN,BNB,BREAK,2025-09-16 14:48:48
REPBTC,REP,BTC,BREAK,2025-09-16 14:48:48
REPBNB,REP,BNB,BREAK,2025-09-16 14:48:48
TUSDBTC,TUSD,BTC,BREAK,2025-09-16 14:48:48
TUSDETH,TUSD,ETH,BREAK,2025-09-16 14:48:48
TUSDBNB,TUSD,BNB,BREAK,2025-09-16 14:48:48
ZENETH,ZEN,ETH,BREAK,2025-09-16 14:48:48
ZENBNB,ZEN,BNB,BREAK,2025-09-16 14:48:48
SKYCOINBTC,SKYCOIN,BTC,BREAK,2025-09-16 14:48:48
SKYCOINETH,SKYCOIN,ETH,BREAK,2025-09-16 14:48:48
SKYCOINBNB,SKYCOIN,BNB,BREAK,2025-09-16 14:48:48
EOSUSDT,EOS,USDT,BREAK,2025-09-16 14:48:48
EOSBNB,EOS,BNB,BREAK,2025-09-16 14:48:48
CVCBTC,CVC,BTC,BREAK,2025-09-16 14:48:48
CVCETH,CVC,ETH,BREAK,2025-09-16 14:48:48
CVCBNB,CVC,BNB,BREAK,2025-09-16 14:48:48
THETAETH,THETA,ETH,BREAK,2025-09-16 14:48:48
THETABNB,THETA,BNB,BREAK,2025-09-16 14:48:48
QKCBTC,QKC,BTC,BREAK,2025-09-16 14:48:48
QKCETH,QKC,ETH,BREAK,2025-09-16 14:48:48
AGIBTC,AGI,BTC,BREAK,2025-09-16 14:48:48
AGIETH,AGI,ETH,BREAK,2025-09-16 14:48:48
AGIBNB,AGI,BNB,BREAK,2025-09-16 14:48:48
NXSBTC,NXS,BTC,BREAK,2025-09-16 14:48:48
NXSETH,NXS,ETH,BREAK,2025-09-16 14:48:48
NXSBNB,NXS,BNB,BREAK,2025-09-16 14:48:48
ENJBNB,ENJ,BNB,BREAK,2025-09-16 14:48:48
DATAETH,DATA,ETH,BREAK,2025-09-16 14:48:48
SCBTC,SC,BTC,BREAK,2025-09-16 14:48:48
NPXSBTC,NPXS,BTC,BREAK,2025-09-16 14:48:48
NPXSETH,NPXS,ETH,BREAK,2025-09-16 14:48:48
VENUSDT,VEN,USDT,BREAK,2025-09-16 14:48:48
KEYBTC,KEY,BTC,BREAK,2025-09-16 14:48:48
KEYETH,KEY,ETH,BREAK,2025-09-16 14:48:48
NASBTC,NAS,BTC,BREAK,2025-09-16 14:48:48
NASETH,NAS,ETH,BREAK,2025-09-16 14:48:48
NASBNB,NAS,BNB,BREAK,2025-09-16 14:48:48
MFTBTC,MFT,BTC,BREAK,2025-09-16 14:48:48
MFTETH,MFT,ETH,BREAK,2025-09-16 14:48:48
MFTBNB,MFT,BNB,BREAK,2025-09-16 14:48:48
DENTBTC,DENT,BTC,BREAK,2025-09-16 14:48:48
ARDRETH,ARDR,ETH,BREAK,2025-09-16 14:48:48
ARDRBNB,ARDR,BNB,BREAK,2025-09-16 14:48:48
NULSUSDT,NULS,USDT,BREAK,2025-09-16 14:48:48
HOTBTC,HOT,BTC,BREAK,2025-09-16 14:48:48
DOCKBTC,DOCK,BTC,BREAK,2025-09-16 14:48:48
DOCKETH,DOCK,ETH,BREAK,2025-09-16 14:48:48
POLYBTC,POLY,BTC,BREAK,2025-09-16 14:48:48
POLYBNB,POLY,BNB,BREAK,2025-09-16 14:48:48
PHXBTC,PHX,BTC,BREAK,2025-09-16 14:48:48
PHXETH,PHX,ETH,BREAK,2025-09-16 14:48:48
PHXBNB,PHX,BNB,BREAK,2025-09-16 14:48:48
HCBTC,HC,BTC,BREAK,2025-09-16 14:48:48
HCETH,HC,ETH,BREAK,2025-09-16 14:48:48
GOBTC,GO,BTC,BREAK,2025-09-16 14:48:48
GOBNB,GO,BNB,BREAK,2025-09-16 14:48:48
PAXBTC,PAX,BTC,BREAK,2025-09-16 14:48:48
PAXBNB,PAX,BNB,BREAK,2025-09-16 14:48:48
PAXUSDT,PAX,USDT,BREAK,2025-09-16 14:48:48
PAXETH,PAX,ETH,BREAK,2025-09-16 14:48:48
DCRBTC,DCR,BTC,BREAK,2025-09-16 14:48:48
DCRBNB,DCR,BNB,BREAK,2025-09-16 14:48:48
USDCBNB,USDC,BNB,BREAK,2025-09-16 14:48:48
MITHBTC,MITH,BTC,BREAK,2025-09-16 14:48:48
MITHBNB,MITH,BNB,BREAK,2025-09-16 14:48:48
BCHABCBTC,BCHABC,BTC,BREAK,2025-09-16 14:48:48
BCHSVBTC,BCHSV,BTC,BREAK,2025-09-16 14:48:48
BCHABCUSDT,BCHABC,USDT,BREAK,2025-09-16 14:48:48
BCHSVUSDT,BCHSV,USDT,BREAK,2025-09-16 14:48:48
BNBPAX,BNB,PAX,BREAK,2025-09-16 14:48:48
BTCPAX,BTC,PAX,BREAK,2025-09-16 14:48:48
ETHPAX,ETH,PAX,BREAK,2025-09-16 14:48:48
XRPPAX,XRP,PAX,BREAK,2025-09-16 14:48:48
EOSPAX,EOS,PAX,BREAK,2025-09-16 14:48:48
XLMPAX,XLM,PAX,BREAK,2025-09-16 14:48:48
RENBTC,REN,BTC,BREAK,2025-09-16 14:48:48
RENBNB,REN,BNB,BREAK,2025-09-16 14:48:48
EOSTUSD,EOS,TUSD,BREAK,2025-09-16 14:48:48
XLMTUSD,XLM,TUSD,BREAK,2025-09-16 14:48:48
EOSUSDC,EOS,USDC,BREAK,2025-09-16 14:48:48
ADATUSD,ADA,TUSD,BREAK,2025-09-16 14:48:48
TRXTUSD,TRX,TUSD,BREAK,2025-09-16 14:48:48
NEOTUSD,NEO,TUSD,BREAK,2025-09-16 14:48:48
XZCXRP,XZC,XRP,BREAK,2025-09-16 14:48:48
PAXTUSD,PAX,TUSD,BREAK,2025-09-16 14:48:48
USDCTUSD,USDC,TUSD,BREAK,2025-09-16 14:48:48
USDCPAX,USDC,PAX,BREAK,2025-09-16 14:48:48
LINKTUSD,LINK,TUSD,BREAK,2025-09-16 14:48:48
LINKPAX,LINK,PAX,BREAK,2025-09-16 14:48:48
WAVESUSDT,WAVES,USDT,BREAK,2025-09-16 14:48:48
WAVESTUSD,WAVES,TUSD,BREAK,2025-09-16 14:48:48
WAVESPAX,WAVES,PAX,BREAK,2025-09-16 14:48:48
WAVESUSDC,WAVES,USDC,BREAK,2025-09-16 14:48:48
BCHABCTUSD,BCHABC,TUSD,BREAK,2025-09-16 14:48:48
BCHABCPAX,BCHABC,PAX,BREAK,2025-09-16 14:48:48
BCHABCUSDC,BCHABC,USDC,BREAK,2025-09-16 14:48:48
BCHSVTUSD,BCHSV,TUSD,BREAK,2025-09-16 14:48:48
BCHSVPAX,BCHSV,PAX,BREAK,2025-09-16 14:48:48
BCHSVUSDC,BCHSV,USDC,BREAK,2025-09-16 14:48:48
LTCTUSD,LTC,TUSD,BREAK,2025-09-16 14:48:48
LTCPAX,LTC,PAX,BREAK,2025-09-16 14:48:48
TRXPAX,TRX,PAX,BREAK,2025-09-16 14:48:48
BTTBTC,BTT,BTC,BREAK,2025-09-16 14:48:48
BTTBNB,BTT,BNB,BREAK,2025-09-16 14:48:48
BTTUSDT,BTT,USDT,BREAK,2025-09-16 14:48:48
BNBUSDS,BNB,USDS,BREAK,2025-09-16 14:48:48
BTCUSDS,BTC,USDS,BREAK,2025-09-16 14:48:48
USDSUSDT,USDS,USDT,BREAK,2025-09-16 14:48:48
USDSPAX,USDS,PAX,BREAK,2025-09-16 14:48:48
USDSTUSD,USDS,TUSD,BREAK,2025-09-16 14:48:48
USDSUSDC,USDS,USDC,BREAK,2025-09-16 14:48:48
BTTPAX,BTT,PAX,BREAK,2025-09-16 14:48:48
BTTTUSD,BTT,TUSD,BREAK,2025-09-16 14:48:48
BTTUSDC,BTT,USDC,BREAK,2025-09-16 14:48:48
ONGBNB,ONG,BNB,BREAK,2025-09-16 14:48:48
HOTBNB,HOT,BNB,BREAK,2025-09-16 14:48:48
ZRXBNB,ZRX,BNB,BREAK,2025-09-16 14:48:48
XMRBNB,XMR,BNB,BREAK,2025-09-16 14:48:48
XMRUSDT,XMR,USDT,BREAK,2025-09-16 14:48:48
ZECBNB,ZEC,BNB,BREAK,2025-09-16 14:48:48
ZECPAX,ZEC,PAX,BREAK,2025-09-16 14:48:48
ZECTUSD,ZEC,TUSD,BREAK,2025-09-16 14:48:48
ZECUSDC,ZEC,USDC,BREAK,2025-09-16 14:48:48
CELRBNB,CELR,BNB,BREAK,2025-09-16 14:48:48
CELRBTC,CELR,BTC,BREAK,2025-09-16 14:48:48
ADAPAX,ADA,PAX,BREAK,2025-09-16 14:48:48
NEOPAX,NEO,PAX,BREAK,2025-09-16 14:48:48
DASHBNB,DASH,BNB,BREAK,2025-09-16 14:48:48
NANOUSDT,NANO,USDT,BREAK,2025-09-16 14:48:48
OMGBNB,OMG,BNB,BREAK,2025-09-16 14:48:48
OMGUSDT,OMG,USDT,BREAK,2025-09-16 14:48:48
MITHUSDT,MITH,USDT,BREAK,2025-09-16 14:48:48
MATICBNB,MATIC,BNB,BREAK,2025-09-16 14:48:48
MATICBTC,MATIC,BTC,BREAK,2025-09-16 14:48:48
MATICUSDT,MATIC,USDT,BREAK,2025-09-16 14:48:48
ATOMBNB,ATOM,BNB,BREAK,2025-09-16 14:48:48
ATOMPAX,ATOM,PAX,BREAK,2025-09-16 14:48:48
ATOMTUSD,ATOM,TUSD,BREAK,2025-09-16 14:48:48
ETCPAX,ETC,PAX,BREAK,2025-09-16 14:48:48
ETCTUSD,ETC,TUSD,BREAK,2025-09-16 14:48:48
BATUSDC,BAT,USDC,BREAK,2025-09-16 14:48:48
BATPAX,BAT,PAX,BREAK,2025-09-16 14:48:48
BATTUSD,BAT,TUSD,BREAK,2025-09-16 14:48:48
PHBBNB,PHB,BNB,BREAK,2025-09-16 14:48:48
PHBUSDC,PHB,USDC,BREAK,2025-09-16 14:48:48
PHBTUSD,PHB,TUSD,BREAK,2025-09-16 14:48:48
PHBPAX,PHB,PAX,BREAK,2025-09-16 14:48:48
TFUELBNB,TFUEL,BNB,BREAK,2025-09-16 14:48:48
TFUELUSDC,TFUEL,USDC,BREAK,2025-09-16 14:48:48
TFUELTUSD,TFUEL,TUSD,BREAK,2025-09-16 14:48:48
TFUELPAX,TFUEL,PAX,BREAK,2025-09-16 14:48:48
ONEBNB,ONE,BNB,BREAK,2025-09-16 14:48:48
ONEBTC,ONE,BTC,BREAK,2025-09-16 14:48:48
ONETUSD,ONE,TUSD,BREAK,2025-09-16 14:48:48
ONEPAX,ONE,PAX,BREAK,2025-09-16 14:48:48
ONEUSDC,ONE,USDC,BREAK,2025-09-16 14:48:48
FTMBNB,FTM,BNB,BREAK,2025-09-16 14:48:48
FTMBTC,FTM,BTC,BREAK,2025-09-16 14:48:48
FTMUSDT,FTM,USDT,BREAK,2025-09-16 14:48:48
FTMTUSD,FTM,TUSD,BREAK,2025-09-16 14:48:48
FTMPAX,FTM,PAX,BREAK,2025-09-16 14:48:48
FTMUSDC,FTM,USDC,BREAK,2025-09-16 14:48:48
BTCBBTC,BTCB,BTC,BREAK,2025-09-16 14:48:48
BCPTTUSD,BCPT,TUSD,BREAK,2025-09-16 14:48:48
BCPTPAX,BCPT,PAX,BREAK,2025-09-16 14:48:48
BCPTUSDC,BCPT,USDC,BREAK,2025-09-16 14:48:48
ALGOBNB,ALGO,BNB,BREAK,2025-09-16 14:48:48
ALGOTUSD,ALGO,TUSD,BREAK,2025-09-16 14:48:48
ALGOPAX,ALGO,PAX,BREAK,2025-09-16 14:48:48
USDSBUSDT,USDSB,USDT,BREAK,2025-09-16 14:48:48
USDSBUSDS,USDSB,USDS,BREAK,2025-09-16 14:48:48
GTOUSDT,GTO,USDT,BREAK,2025-09-16 14:48:48
GTOPAX,GTO,PAX,BREAK,2025-09-16 14:48:48
GTOTUSD,GTO,TUSD,BREAK,2025-09-16 14:48:48
GTOUSDC,GTO,USDC,BREAK,2025-09-16 14:48:48
ERDBNB,ERD,BNB,BREAK,2025-09-16 14:48:48
ERDBTC,ERD,BTC,BREAK,2025-09-16 14:48:48
ERDUSDT,ERD,USDT,BREAK,2025-09-16 14:48:48
ERDPAX,ERD,PAX,BREAK,2025-09-16 14:48:48
ERDUSDC,ERD,USDC,BREAK,2025-09-16 14:48:48
DOGEBNB,DOGE,BNB,BREAK,2025-09-16 14:48:48
DOGEPAX,DOGE,PAX,BREAK,2025-09-16 14:48:48
DUSKBNB,DUSK,BNB,BREAK,2025-09-16 14:48:48
DUSKUSDC,DUSK,USDC,BREAK,2025-09-16 14:48:48
DUSKPAX,DUSK,PAX,BREAK,2025-09-16 14:48:48
BGBPUSDC,BGBP,USDC,BREAK,2025-09-16 14:48:48
ANKRBNB,ANKR,BNB,BREAK,2025-09-16 14:48:48
ANKRTUSD,ANKR,TUSD,BREAK,2025-09-16 14:48:48
ANKRPAX,ANKR,PAX,BREAK,2025-09-16 14:48:48
ANKRUSDC,ANKR,USDC,BREAK,2025-09-16 14:48:48
ONTPAX,ONT,PAX,BREAK,2025-09-16 14:48:48
WINBNB,WIN,BNB,BREAK,2025-09-16 14:48:48
WINBTC,WIN,BTC,BREAK,2025-09-16 14:48:48
WINUSDC,WIN,USDC,BREAK,2025-09-16 14:48:48
COSBNB,COS,BNB,BREAK,2025-09-16 14:48:48
COSBTC,COS,BTC,BREAK,2025-09-16 14:48:48
TUSDBTUSD,TUSDB,TUSD,BREAK,2025-09-16 14:48:48
NPXSUSDT,NPXS,USDT,BREAK,2025-09-16 14:48:48
NPXSUSDC,NPXS,USDC,BREAK,2025-09-16 14:48:48
COCOSBNB,COCOS,BNB,BREAK,2025-09-16 14:48:48
COCOSBTC,COCOS,BTC,BREAK,2025-09-16 14:48:48
COCOSUSDT,COCOS,USDT,BREAK,2025-09-16 14:48:48
TOMOBNB,TOMO,BNB,BREAK,2025-09-16 14:48:48
TOMOBTC,TOMO,BTC,BREAK,2025-09-16 14:48:48
TOMOUSDT,TOMO,USDT,BREAK,2025-09-16 14:48:48
TOMOUSDC,TOMO,USDC,BREAK,2025-09-16 14:48:48
PERLBNB,PERL,BNB,BREAK,2025-09-16 14:48:48
PERLBTC,PERL,BTC,BREAK,2025-09-16 14:48:48
PERLUSDC,PERL,USDC,BREAK,2025-09-16 14:48:48
PERLUSDT,PERL,USDT,BREAK,2025-09-16 14:48:48
MFTUSDT,MFT,USDT,BREAK,2025-09-16 14:48:48
KEYUSDT,KEY,USDT,BREAK,2025-09-16 14:48:48
STORMUSDT,STORM,USDT,BREAK,2025-09-16 14:48:48
DOCKUSDT,DOCK,USDT,BREAK,2025-09-16 14:48:48
BTTTRX,BTT,TRX,BREAK,2025-09-16 14:48:48
BANDBNB,BAND,BNB,BREAK,2025-09-16 14:48:48
BNBBUSD,BNB,BUSD,BREAK,2025-09-16 14:48:48
BTCBUSD,BTC,BUSD,BREAK,2025-09-16 14:48:48
BUSDUSDT,BUSD,USDT,BREAK,2025-09-16 14:48:48
BEAMBNB,BEAM,BNB,BREAK,2025-09-16 14:48:48
BEAMBTC,BEAM,BTC,BREAK,2025-09-16 14:48:48
BEAMUSDT,BEAM,USDT,BREAK,2025-09-16 14:48:48
XTZBNB,XTZ,BNB,BREAK,2025-09-16 14:48:48
RENUSDT,REN,USDT,BREAK,2025-09-16 14:48:48
HCUSDT,HC,USDT,BREAK,2025-09-16 14:48:48
NKNBNB,NKN,BNB,BREAK,2025-09-16 14:48:48
NKNBTC,NKN,BTC,BREAK,2025-09-16 14:48:48
XRPBUSD,XRP,BUSD,BREAK,2025-09-16 14:48:48
ETHBUSD,ETH,BUSD,BREAK,2025-09-16 14:48:48
BCHABCBUSD,BCHABC,BUSD,BREAK,2025-09-16 14:48:48
LTCBUSD,LTC,BUSD,BREAK,2025-09-16 14:48:48
LINKBUSD,LINK,BUSD,BREAK,2025-09-16 14:48:48
ETCBUSD,ETC,BUSD,BREAK,2025-09-16 14:48:48
STXBNB,STX,BNB,BREAK,2025-09-16 14:48:48
KAVABNB,KAVA,BNB,BREAK,2025-09-16 14:48:48
BUSDNGN,BUSD,NGN,BREAK,2025-09-16 14:48:48
BNBNGN,BNB,NGN,BREAK,2025-09-16 14:48:48
BTCNGN,BTC,NGN,BREAK,2025-09-16 14:48:48
ARPABNB,ARPA,BNB,BREAK,2025-09-16 14:48:48
TRXBUSD,TRX,BUSD,BREAK,2025-09-16 14:48:48
EOSBUSD,EOS,BUSD,BREAK,2025-09-16 14:48:48
MCOUSDT,MCO,USDT,BREAK,2025-09-16 14:48:48
XLMBUSD,XLM,BUSD,BREAK,2025-09-16 14:48:48
ADABUSD,ADA,BUSD,BREAK,2025-09-16 14:48:48
CTXCBNB,CTXC,BNB,BREAK,2025-09-16 14:48:48
CTXCBTC,CTXC,BTC,BREAK,2025-09-16 14:48:48
CTXCUSDT,CTXC,USDT,BREAK,2025-09-16 14:48:48
BCHTUSD,BCH,TUSD,BREAK,2025-09-16 14:48:48
BCHPAX,BCH,PAX,BREAK,2025-09-16 14:48:48
BCHBUSD,BCH,BUSD,BREAK,2025-09-16 14:48:48
BTCRUB,BTC,RUB,BREAK,2025-09-16 14:48:48
ETHRUB,ETH,RUB,BREAK,2025-09-16 14:48:48
XRPRUB,XRP,RUB,BREAK,2025-09-16 14:48:48
BNBRUB,BNB,RUB,BREAK,2025-09-16 14:48:48
TROYBNB,TROY,BNB,BREAK,2025-09-16 14:48:48
TROYBTC,TROY,BTC,BREAK,2025-09-16 14:48:48
TROYUSDT,TROY,USDT,BREAK,2025-09-16 14:48:48
BUSDRUB,BUSD,RUB,BREAK,2025-09-16 14:48:48
QTUMBUSD,QTUM,BUSD,BREAK,2025-09-16 14:48:48
VETBUSD,VET,BUSD,BREAK,2025-09-16 14:48:48
VITEBNB,VITE,BNB,BREAK,2025-09-16 14:48:48
VITEBTC,VITE,BTC,BREAK,2025-09-16 14:48:48
VITEUSDT,VITE,USDT,BREAK,2025-09-16 14:48:48
FTTBNB,FTT,BNB,BREAK,2025-09-16 14:48:48
FTTBTC,FTT,BTC,BREAK,2025-09-16 14:48:48
BUSDTRY,BUSD,TRY,BREAK,2025-09-16 14:48:48
USDTRUB,USDT,RUB,BREAK,2025-09-16 14:48:48
EURBUSD,EUR,BUSD,BREAK,2025-09-16 14:48:48
OGNBNB,OGN,BNB,BREAK,2025-09-16 14:48:48
DREPBNB,DREP,BNB,BREAK,2025-09-16 14:48:48
DREPBTC,DREP,BTC,BREAK,2025-09-16 14:48:48
DREPUSDT,DREP,USDT,BREAK,2025-09-16 14:48:48
BULLUSDT,BULL,USDT,BREAK,2025-09-16 14:48:48
BULLBUSD,BULL,BUSD,BREAK,2025-09-16 14:48:48
BEARUSDT,BEAR,USDT,BREAK,2025-09-16 14:48:48
BEARBUSD,BEAR,BUSD,BREAK,2025-09-16 14:48:48
ETHBULLUSDT,ETHBULL,USDT,BREAK,2025-09-16 14:48:48
ETHBULLBUSD,ETHBULL,BUSD,BREAK,2025-09-16 14:48:48
ETHBEARUSDT,ETHBEAR,USDT,BREAK,2025-09-16 14:48:48
ETHBEARBUSD,ETHBEAR,BUSD,BREAK,2025-09-16 14:48:48
TCTBNB,TCT,BNB,BREAK,2025-09-16 14:48:48
TCTBTC,TCT,BTC,BREAK,2025-09-16 14:48:48
TCTUSDT,TCT,USDT,BREAK,2025-09-16 14:48:48
WRXBNB,WRX,BNB,BREAK,2025-09-16 14:48:48
WRXBTC,WRX,BTC,BREAK,2025-09-16 14:48:48
WRXUSDT,WRX,USDT,BREAK,2025-09-16 14:48:48
ICXBUSD,ICX,BUSD,BREAK,2025-09-16 14:48:48
BTSUSDT,BTS,USDT,BREAK,2025-09-16 14:48:48
BTSBUSD,BTS,BUSD,BREAK,2025-09-16 14:48:48
BNTBUSD,BNT,BUSD,BREAK,2025-09-16 14:48:48
LTOBNB,LTO,BNB,BREAK,2025-09-16 14:48:48
LTOBTC,LTO,BTC,BREAK,2025-09-16 14:48:48
LTOUSDT,LTO,USDT,BREAK,2025-09-16 14:48:48
ATOMBUSD,ATOM,BUSD,BREAK,2025-09-16 14:48:48
DASHBUSD,DASH,BUSD,BREAK,2025-09-16 14:48:48
NEOBUSD,NEO,BUSD,BREAK,2025-09-16 14:48:48
WAVESBUSD,WAVES,BUSD,BREAK,2025-09-16 14:48:48
XTZBUSD,XTZ,BUSD,BREAK,2025-09-16 14:48:48
EOSBULLUSDT,EOSBULL,USDT,BREAK,2025-09-16 14:48:48
EOSBULLBUSD,EOSBULL,BUSD,BREAK,2025-09-16 14:48:48
EOSBEARUSDT,EOSBEAR,USDT,BREAK,2025-09-16 14:48:48
EOSBEARBUSD,EOSBEAR,BUSD,BREAK,2025-09-16 14:48:48
XRPBULLUSDT,XRPBULL,USDT,BREAK,2025-09-16 14:48:48
XRPBULLBUSD,XRPBULL,BUSD,BREAK,2025-09-16 14:48:48
XRPBEARUSDT,XRPBEAR,USDT,BREAK,2025-09-16 14:48:48
XRPBEARBUSD,XRPBEAR,BUSD,BREAK,2025-09-16 14:48:48
BATBUSD,BAT,BUSD,BREAK,2025-09-16 14:48:48
ENJBUSD,ENJ,BUSD,BREAK,2025-09-16 14:48:48
NANOBUSD,NANO,BUSD,BREAK,2025-09-16 14:48:48
ONTBUSD,ONT,BUSD,BREAK,2025-09-16 14:48:48
RVNBUSD,RVN,BUSD,BREAK,2025-09-16 14:48:48
STRATBUSD,STRAT,BUSD,BREAK,2025-09-16 14:48:48
STRATBNB,STRAT,BNB,BREAK,2025-09-16 14:48:48
STRATUSDT,STRAT,USDT,BREAK,2025-09-16 14:48:48
AIONBUSD,AION,BUSD,BREAK,2025-09-16 14:48:48
AIONUSDT,AION,USDT,BREAK,2025-09-16 14:48:48
MBLBNB,MBL,BNB,BREAK,2025-09-16 14:48:48
MBLBTC,MBL,BTC,BREAK,2025-09-16 14:48:48
COTIBNB,COTI,BNB,BREAK,2025-09-16 14:48:48
ALGOBUSD,ALGO,BUSD,BREAK,2025-09-16 14:48:48
BTTBUSD,BTT,BUSD,BREAK,2025-09-16 14:48:48
TOMOBUSD,TOMO,BUSD,BREAK,2025-09-16 14:48:48
XMRBUSD,XMR,BUSD,BREAK,2025-09-16 14:48:48
ZECBUSD,ZEC,BUSD,BREAK,2025-09-16 14:48:48
BNBBULLUSDT,BNBBULL,USDT,BREAK,2025-09-16 14:48:48
BNBBULLBUSD,BNBBULL,BUSD,BREAK,2025-09-16 14:48:48
BNBBEARUSDT,BNBBEAR,USDT,BREAK,2025-09-16 14:48:48
BNBBEARBUSD,BNBBEAR,BUSD,BREAK,2025-09-16 14:48:48
STPTBNB,STPT,BNB,BREAK,2025-09-16 14:48:48
STPTBTC,STPT,BTC,BREAK,2025-09-16 14:48:48
STPTUSDT,STPT,USDT,BREAK,2025-09-16 14:48:48
BNBZAR,BNB,ZAR,BREAK,2025-09-16 14:48:48
BUSDZAR,BUSD,ZAR,BREAK,2025-09-16 14:48:48
BTCBKRW,BTC,BKRW,BREAK,2025-09-16 14:48:48
ETHBKRW,ETH,BKRW,BREAK,2025-09-16 14:48:48
BNBBKRW,BNB,BKRW,BREAK,2025-09-16 14:48:48
WTCUSDT,WTC,USDT,BREAK,2025-09-16 14:48:48
DATABUSD,DATA,BUSD,BREAK,2025-09-16 14:48:48
XZCUSDT,XZC,USDT,BREAK,2025-09-16 14:48:48
SOLBUSD,SOL,BUSD,BREAK,2025-09-16 14:48:48
BTCIDRT,BTC,IDRT,BREAK,2025-09-16 14:48:48
BNBIDRT,BNB,IDRT,BREAK,2025-09-16 14:48:48
USDTIDRT,USDT,IDRT,BREAK,2025-09-16 14:48:48
BUSDIDRT,BUSD,IDRT,BREAK,2025-09-16 14:48:48
CTSIBNB,CTSI,BNB,BREAK,2025-09-16 14:48:48
CTSIBUSD,CTSI,BUSD,BREAK,2025-09-16 14:48:48
HIVEBNB,HIVE,BNB,BREAK,2025-09-16 14:48:48
CHRBNB,CHR,BNB,BREAK,2025-09-16 14:48:48
BTCUPUSDT,BTCUP,USDT,BREAK,2025-09-16 14:48:48
BTCDOWNUSDT,BTCDOWN,USDT,BREAK,2025-09-16 14:48:48
GXSUSDT,GXS,USDT,BREAK,2025-09-16 14:48:48
ERDBUSD,ERD,BUSD,BREAK,2025-09-16 14:48:48
LENDUSDT,LEND,USDT,BREAK,2025-09-16 14:48:48
HBARBUSD,HBAR,BUSD,BREAK,2025-09-16 14:48:48
MATICBUSD,MATIC,BUSD,BREAK,2025-09-16 14:48:48
WRXBUSD,WRX,BUSD,BREAK,2025-09-16 14:48:48
ZILBUSD,ZIL,BUSD,BREAK,2025-09-16 14:48:48
MDTBNB,MDT,BNB,BREAK,2025-09-16 14:48:48
MDTBTC,MDT,BTC,BREAK,2025-09-16 14:48:48
STMXBTC,STMX,BTC,BREAK,2025-09-16 14:48:48
STMXETH,STMX,ETH,BREAK,2025-09-16 14:48:48
STMXUSDT,STMX,USDT,BREAK,2025-09-16 14:48:48
KNCBUSD,KNC,BUSD,BREAK,2025-09-16 14:48:48
REPBUSD,REP,BUSD,BREAK,2025-09-16 14:48:48
REPUSDT,REP,USDT,BREAK,2025-09-16 14:48:48
LRCBUSD,LRC,BUSD,BREAK,2025-09-16 14:48:48
IQBNB,IQ,BNB,BREAK,2025-09-16 14:48:48
IQBUSD,IQ,BUSD,BREAK,2025-09-16 14:48:48
PNTBTC,PNT,BTC,BREAK,2025-09-16 14:48:48
PNTUSDT,PNT,USDT,BREAK,2025-09-16 14:48:48
BTCGBP,BTC,GBP,BREAK,2025-09-16 14:48:48
ETHGBP,ETH,GBP,BREAK,2025-09-16 14:48:48
XRPGBP,XRP,GBP,BREAK,2025-09-16 14:48:48
BNBGBP,BNB,GBP,BREAK,2025-09-16 14:48:48
GBPBUSD,GBP,BUSD,BREAK,2025-09-16 14:48:48
DGBBTC,DGB,BTC,BREAK,2025-09-16 14:48:48
DGBBUSD,DGB,BUSD,BREAK,2025-09-16 14:48:48
COMPBNB,COMP,BNB,BREAK,2025-09-16 14:48:48
COMPBUSD,COMP,BUSD,BREAK,2025-09-16 14:48:48
BTCBIDR,BTC,BIDR,BREAK,2025-09-16 14:48:48
ETHBIDR,ETH,BIDR,BREAK,2025-09-16 14:48:48
BNBBIDR,BNB,BIDR,BREAK,2025-09-16 14:48:48
BUSDBIDR,BUSD,BIDR,BREAK,2025-09-16 14:48:48
USDTBIDR,USDT,BIDR,BREAK,2025-09-16 14:48:48
BKRWUSDT,BKRW,USDT,BREAK,2025-09-16 14:48:48
BKRWBUSD,BKRW,BUSD,BREAK,2025-09-16 14:48:48
SXPBNB,SXP,BNB,BREAK,2025-09-16 14:48:48
SXPBUSD,SXP,BUSD,BREAK,2025-09-16 14:48:48
SNXBNB,SNX,BNB,BREAK,2025-09-16 14:48:48
SNXBUSD,SNX,BUSD,BREAK,2025-09-16 14:48:48
ETHUPUSDT,ETHUP,USDT,BREAK,2025-09-16 14:48:48
ETHDOWNUSDT,ETHDOWN,USDT,BREAK,2025-09-16 14:48:48
ADAUPUSDT,ADAUP,USDT,BREAK,2025-09-16 14:48:48
ADADOWNUSDT,ADADOWN,USDT,BREAK,2025-09-16 14:48:48
LINKUPUSDT,LINKUP,USDT,BREAK,2025-09-16 14:48:48
LINKDOWNUSDT,LINKDOWN,USDT,BREAK,2025-09-16 14:48:48
VTHOBNB,VTHO,BNB,BREAK,2025-09-16 14:48:48
VTHOBUSD,VTHO,BUSD,BREAK,2025-09-16 14:48:48
DCRBUSD,DCR,BUSD,BREAK,2025-09-16 14:48:48
GBPUSDT,GBP,USDT,BREAK,2025-09-16 14:48:48
STORJBUSD,STORJ,BUSD,BREAK,2025-09-16 14:48:48
IRISBNB,IRIS,BNB,BREAK,2025-09-16 14:48:48
IRISBTC,IRIS,BTC,BREAK,2025-09-16 14:48:48
IRISBUSD,IRIS,BUSD,BREAK,2025-09-16 14:48:48
MKRBNB,MKR,BNB,BREAK,2025-09-16 14:48:48
MKRBTC,MKR,BTC,BREAK,2025-09-16 14:48:48
MKRUSDT,MKR,USDT,BREAK,2025-09-16 14:48:48
MKRBUSD,MKR,BUSD,BREAK,2025-09-16 14:48:48
DAIBNB,DAI,BNB,BREAK,2025-09-16 14:48:48
DAIBTC,DAI,BTC,BREAK,2025-09-16 14:48:48
DAIUSDT,DAI,USDT,BREAK,2025-09-16 14:48:48
DAIBUSD,DAI,BUSD,BREAK,2025-09-16 14:48:48
RUNEBNB,RUNE,BNB,BREAK,2025-09-16 14:48:48
RUNEBUSD,RUNE,BUSD,BREAK,2025-09-16 14:48:48
MANABUSD,MANA,BUSD,BREAK,2025-09-16 14:48:48
DOGEBUSD,DOGE,BUSD,BREAK,2025-09-16 14:48:48
LENDBUSD,LEND,BUSD,BREAK,2025-09-16 14:48:48
ZRXBUSD,ZRX,BUSD,BREAK,2025-09-16 14:48:48
XRPBKRW,XRP,BKRW,BREAK,2025-09-16 14:48:48
ADABKRW,ADA,BKRW,BREAK,2025-09-16 14:48:48
BTCAUD,BTC,AUD,BREAK,2025-09-16 14:48:48
ETHAUD,ETH,AUD,BREAK,2025-09-16 14:48:48
AUDBUSD,AUD,BUSD,BREAK,2025-09-16 14:48:48
FIOBNB,FIO,BNB,BREAK,2025-09-16 14:48:48
FIOBTC,FIO,BTC,BREAK,2025-09-16 14:48:48
FIOBUSD,FIO,BUSD,BREAK,2025-09-16 14:48:48
BNBUPUSDT,BNBUP,USDT,BREAK,2025-09-16 14:48:48
BNBDOWNUSDT,BNBDOWN,USDT,BREAK,2025-09-16 14:48:48
XTZUPUSDT,XTZUP,USDT,BREAK,2025-09-16 14:48:48
XTZDOWNUSDT,XTZDOWN,USDT,BREAK,2025-09-16 14:48:48
AVABNB,AVA,BNB,BREAK,2025-09-16 14:48:48
AVABUSD,AVA,BUSD,BREAK,2025-09-16 14:48:48
USDTBKRW,USDT,BKRW,BREAK,2025-09-16 14:48:48
BUSDBKRW,BUSD,BKRW,BREAK,2025-09-16 14:48:48
IOTABUSD,IOTA,BUSD,BREAK,2025-09-16 14:48:48
XRPAUD,XRP,AUD,BREAK,2025-09-16 14:48:48
BNBAUD,BNB,AUD,BREAK,2025-09-16 14:48:48
AUDUSDT,AUD,USDT,BREAK,2025-09-16 14:48:48
BALBNB,BAL,BNB,BREAK,2025-09-16 14:48:48
BALBTC,BAL,BTC,BREAK,2025-09-16 14:48:48
BALBUSD,BAL,BUSD,BREAK,2025-09-16 14:48:48
YFIBNB,YFI,BNB,BREAK,2025-09-16 14:48:48
YFIBUSD,YFI,BUSD,BREAK,2025-09-16 14:48:48
BLZBUSD,BLZ,BUSD,BREAK,2025-09-16 14:48:48
KMDBUSD,KMD,BUSD,BREAK,2025-09-16 14:48:48
BALUSDT,BAL,USDT,BREAK,2025-09-16 14:48:48
BLZUSDT,BLZ,USDT,BREAK,2025-09-16 14:48:48
IRISUSDT,IRIS,USDT,BREAK,2025-09-16 14:48:48
KMDUSDT,KMD,USDT,BREAK,2025-09-16 14:48:48
BNBDAI,BNB,DAI,BREAK,2025-09-16 14:48:48
BUSDDAI,BUSD,DAI,BREAK,2025-09-16 14:48:48
JSTBNB,JST,BNB,BREAK,2025-09-16 14:48:48
JSTBUSD,JST,BUSD,BREAK,2025-09-16 14:48:48
SRMBNB,SRM,BNB,BREAK,2025-09-16 14:48:48
SRMBTC,SRM,BTC,BREAK,2025-09-16 14:48:48
SRMBUSD,SRM,BUSD,BREAK,2025-09-16 14:48:48
SRMUSDT,SRM,USDT,BREAK,2025-09-16 14:48:48
ANTBNB,ANT,BNB,BREAK,2025-09-16 14:48:48
ANTBTC,ANT,BTC,BREAK,2025-09-16 14:48:48
ANTBUSD,ANT,BUSD,BREAK,2025-09-16 14:48:48
ANTUSDT,ANT,USDT,BREAK,2025-09-16 14:48:48
CRVBNB,CRV,BNB,BREAK,2025-09-16 14:48:48
CRVBUSD,CRV,BUSD,BREAK,2025-09-16 14:48:48
SANDBNB,SAND,BNB,BREAK,2025-09-16 14:48:48
SANDBUSD,SAND,BUSD,BREAK,2025-09-16 14:48:48
OCEANBNB,OCEAN,BNB,BREAK,2025-09-16 14:48:48
OCEANBTC,OCEAN,BTC,BREAK,2025-09-16 14:48:48
OCEANBUSD,OCEAN,BUSD,BREAK,2025-09-16 14:48:48
OCEANUSDT,OCEAN,USDT,BREAK,2025-09-16 14:48:48
NMRBUSD,NMR,BUSD,BREAK,2025-09-16 14:48:48
DOTBUSD,DOT,BUSD,BREAK,2025-09-16 14:48:48
LUNABNB,LUNA,BNB,BREAK,2025-09-16 14:48:48
LUNABTC,LUNA,BTC,BREAK,2025-09-16 14:48:48
LUNABUSD,LUNA,BUSD,BREAK,2025-09-16 14:48:48
IDEXBTC,IDEX,BTC,BREAK,2025-09-16 14:48:48
IDEXBUSD,IDEX,BUSD,BREAK,2025-09-16 14:48:48
RSRBNB,RSR,BNB,BREAK,2025-09-16 14:48:48
RSRBTC,RSR,BTC,BREAK,2025-09-16 14:48:48
RSRBUSD,RSR,BUSD,BREAK,2025-09-16 14:48:48
PAXGBNB,PAXG,BNB,BREAK,2025-09-16 14:48:48
PAXGBUSD,PAXG,BUSD,BREAK,2025-09-16 14:48:48
WNXMBNB,WNXM,BNB,BREAK,2025-09-16 14:48:48
WNXMBTC,WNXM,BTC,BREAK,2025-09-16 14:48:48
WNXMBUSD,WNXM,BUSD,BREAK,2025-09-16 14:48:48
WNXMUSDT,WNXM,USDT,BREAK,2025-09-16 14:48:48
TRBBNB,TRB,BNB,BREAK,2025-09-16 14:48:48
TRBBUSD,TRB,BUSD,BREAK,2025-09-16 14:48:48
ETHNGN,ETH,NGN,BREAK,2025-09-16 14:48:48
DOTBIDR,DOT,BIDR,BREAK,2025-09-16 14:48:48
LINKAUD,LINK,AUD,BREAK,2025-09-16 14:48:48
SXPAUD,SXP,AUD,BREAK,2025-09-16 14:48:48
BZRXBNB,BZRX,BNB,BREAK,2025-09-16 14:48:48
BZRXBTC,BZRX,BTC,BREAK,2025-09-16 14:48:48
BZRXBUSD,BZRX,BUSD,BREAK,2025-09-16 14:48:48
BZRXUSDT,BZRX,USDT,BREAK,2025-09-16 14:48:48
SUSHIBNB,SUSHI,BNB,BREAK,2025-09-16 14:48:48
SUSHIBUSD,SUSHI,BUSD,BREAK,2025-09-16 14:48:48
YFIIBNB,YFII,BNB,BREAK,2025-09-16 14:48:48
YFIIBTC,YFII,BTC,BREAK,2025-09-16 14:48:48
YFIIBUSD,YFII,BUSD,BREAK,2025-09-16 14:48:48
YFIIUSDT,YFII,USDT,BREAK,2025-09-16 14:48:48
KSMBNB,KSM,BNB,BREAK,2025-09-16 14:48:48
KSMBUSD,KSM,BUSD,BREAK,2025-09-16 14:48:48
EGLDBUSD,EGLD,BUSD,BREAK,2025-09-16 14:48:48
DIABNB,DIA,BNB,BREAK,2025-09-16 14:48:48
DIABUSD,DIA,BUSD,BREAK,2025-09-16 14:48:48
EOSUPUSDT,EOSUP,USDT,BREAK,2025-09-16 14:48:48
EOSDOWNUSDT,EOSDOWN,USDT,BREAK,2025-09-16 14:48:48
TRXUPUSDT,TRXUP,USDT,BREAK,2025-09-16 14:48:48
TRXDOWNUSDT,TRXDOWN,USDT,BREAK,2025-09-16 14:48:48
XRPUPUSDT,XRPUP,USDT,BREAK,2025-09-16 14:48:48
XRPDOWNUSDT,XRPDOWN,USDT,BREAK,2025-09-16 14:48:48
DOTUPUSDT,DOTUP,USDT,BREAK,2025-09-16 14:48:48
DOTDOWNUSDT,DOTDOWN,USDT,BREAK,2025-09-16 14:48:48
SRMBIDR,SRM,BIDR,BREAK,2025-09-16 14:48:48
ONEBIDR,ONE,BIDR,BREAK,2025-09-16 14:48:48
USDTNGN,USDT,NGN,BREAK,2025-09-16 14:48:48
BELBNB,BEL,BNB,BREAK,2025-09-16 14:48:48
BELBUSD,BEL,BUSD,BREAK,2025-09-16 14:48:48
WINGBNB,WING,BNB,BREAK,2025-09-16 14:48:48
WINGBTC,WING,BTC,BREAK,2025-09-16 14:48:48
SWRVBNB,SWRV,BNB,BREAK,2025-09-16 14:48:48
SWRVBUSD,SWRV,BUSD,BREAK,2025-09-16 14:48:48
WINGBUSD,WING,BUSD,BREAK,2025-09-16 14:48:48
WINGUSDT,WING,USDT,BREAK,2025-09-16 14:48:48
LTCUPUSDT,LTCUP,USDT,BREAK,2025-09-16 14:48:48
LTCDOWNUSDT,LTCDOWN,USDT,BREAK,2025-09-16 14:48:48
LENDBKRW,LEND,BKRW,BREAK,2025-09-16 14:48:48
SXPEUR,SXP,EUR,BREAK,2025-09-16 14:48:48
CREAMBNB,CREAM,BNB,BREAK,2025-09-16 14:48:48
CREAMBUSD,CREAM,BUSD,BREAK,2025-09-16 14:48:48
UNIBNB,UNI,BNB,BREAK,2025-09-16 14:48:48
UNIBUSD,UNI,BUSD,BREAK,2025-09-16 14:48:48
NBSBTC,NBS,BTC,BREAK,2025-09-16 14:48:48
NBSUSDT,NBS,USDT,BREAK,2025-09-16 14:48:48
SUNBTC,SUN,BTC,BREAK,2025-09-16 14:48:48
AVAXBUSD,AVAX,BUSD,BREAK,2025-09-16 14:48:48
HNTBTC,HNT,BTC,BREAK,2025-09-16 14:48:48
HNTUSDT,HNT,USDT,BREAK,2025-09-16 14:48:48
BAKEBNB,BAKE,BNB,BREAK,2025-09-16 14:48:48
BURGERBNB,BURGER,BNB,BREAK,2025-09-16 14:48:48
SXPBIDR,SXP,BIDR,BREAK,2025-09-16 14:48:48
LINKBKRW,LINK,BKRW,BREAK,2025-09-16 14:48:48
FLMBNB,FLM,BNB,BREAK,2025-09-16 14:48:48
FLMBUSD,FLM,BUSD,BREAK,2025-09-16 14:48:48
SCRTETH,SCRT,ETH,BREAK,2025-09-16 14:48:48
CAKEBUSD,CAKE,BUSD,BREAK,2025-09-16 14:48:48
SPARTABNB,SPARTA,BNB,BREAK,2025-09-16 14:48:48
UNIUPUSDT,UNIUP,USDT,BREAK,2025-09-16 14:48:48
UNIDOWNUSDT,UNIDOWN,USDT,BREAK,2025-09-16 14:48:48
ORNBTC,ORN,BTC,BREAK,2025-09-16 14:48:48
ORNUSDT,ORN,USDT,BREAK,2025-09-16 14:48:48
TRXNGN,TRX,NGN,BREAK,2025-09-16 14:48:48
UTKBTC,UTK,BTC,BREAK,2025-09-16 14:48:48
XVSBUSD,XVS,BUSD,BREAK,2025-09-16 14:48:48
ALPHABNB,ALPHA,BNB,BREAK,2025-09-16 14:48:48
ALPHABTC,ALPHA,BTC,BREAK,2025-09-16 14:48:48
ALPHABUSD,ALPHA,BUSD,BREAK,2025-09-16 14:48:48
ALPHAUSDT,ALPHA,USDT,BREAK,2025-09-16 14:48:48
VIDTBTC,VIDT,BTC,BREAK,2025-09-16 14:48:48
VIDTBUSD,VIDT,BUSD,BREAK,2025-09-16 14:48:48
AAVEBNB,AAVE,BNB,BREAK,2025-09-16 14:48:48
AAVEBUSD,AAVE,BUSD,BREAK,2025-09-16 14:48:48
AAVEBKRW,AAVE,BKRW,BREAK,2025-09-16 14:48:48
NEARBUSD,NEAR,BUSD,BREAK,2025-09-16 14:48:48
SXPUPUSDT,SXPUP,USDT,BREAK,2025-09-16 14:48:48
SXPDOWNUSDT,SXPDOWN,USDT,BREAK,2025-09-16 14:48:48
DOTBKRW,DOT,BKRW,BREAK,2025-09-16 14:48:48
SXPGBP,SXP,GBP,BREAK,2025-09-16 14:48:48
FILBNB,FIL,BNB,BREAK,2025-09-16 14:48:48
FILBUSD,FIL,BUSD,BREAK,2025-09-16 14:48:48
FILUPUSDT,FILUP,USDT,BREAK,2025-09-16 14:48:48
FILDOWNUSDT,FILDOWN,USDT,BREAK,2025-09-16 14:48:48
YFIUPUSDT,YFIUP,USDT,BREAK,2025-09-16 14:48:48
YFIDOWNUSDT,YFIDOWN,USDT,BREAK,2025-09-16 14:48:48
INJBUSD,INJ,BUSD,BREAK,2025-09-16 14:48:48
AERGOBTC,AERGO,BTC,BREAK,2025-09-16 14:48:48
AERGOBUSD,AERGO,BUSD,BREAK,2025-09-16 14:48:48
ONEBUSD,ONE,BUSD,BREAK,2025-09-16 14:48:48
EASYETH,EASY,ETH,BREAK,2025-09-16 14:48:48
AUDIOBUSD,AUDIO,BUSD,BREAK,2025-09-16 14:48:48
CTKBUSD,CTK,BUSD,BREAK,2025-09-16 14:48:48
BCHUPUSDT,BCHUP,USDT,BREAK,2025-09-16 14:48:48
BCHDOWNUSDT,BCHDOWN,USDT,BREAK,2025-09-16 14:48:48
BOTBTC,BOT,BTC,BREAK,2025-09-16 14:48:48
BOTBUSD,BOT,BUSD,BREAK,2025-09-16 14:48:48
AKROBTC,AKRO,BTC,BREAK,2025-09-16 14:48:48
AKROUSDT,AKRO,USDT,BREAK,2025-09-16 14:48:48
KP3RBNB,KP3R,BNB,BREAK,2025-09-16 14:48:48
KP3RBUSD,KP3R,BUSD,BREAK,2025-09-16 14:48:48
AXSBUSD,AXS,BUSD,BREAK,2025-09-16 14:48:48
HARDBNB,HARD,BNB,BREAK,2025-09-16 14:48:48
HARDBTC,HARD,BTC,BREAK,2025-09-16 14:48:48
HARDBUSD,HARD,BUSD,BREAK,2025-09-16 14:48:48
HARDUSDT,HARD,USDT,BREAK,2025-09-16 14:48:48
RENBTCBTC,RENBTC,BTC,BREAK,2025-09-16 14:48:48
RENBTCETH,RENBTC,ETH,BREAK,2025-09-16 14:48:48
DNTBUSD,DNT,BUSD,BREAK,2025-09-16 14:48:48
DNTUSDT,DNT,USDT,BREAK,2025-09-16 14:48:48
LTCNGN,LTC,NGN,BREAK,2025-09-16 14:48:48
CVPETH,CVP,ETH,BREAK,2025-09-16 14:48:48
CVPBUSD,CVP,BUSD,BREAK,2025-09-16 14:48:48
STRAXETH,STRAX,ETH,BREAK,2025-09-16 14:48:48
STRAXBUSD,STRAX,BUSD,BREAK,2025-09-16 14:48:48
FORBTC,FOR,BTC,BREAK,2025-09-16 14:48:48
FORBUSD,FOR,BUSD,BREAK,2025-09-16 14:48:48
UNFIBNB,UNFI,BNB,BREAK,2025-09-16 14:48:48
UNFIBTC,UNFI,BTC,BREAK,2025-09-16 14:48:48
UNFIBUSD,UNFI,BUSD,BREAK,2025-09-16 14:48:48
UNFIUSDT,UNFI,USDT,BREAK,2025-09-16 14:48:48
FRONTETH,FRONT,ETH,BREAK,2025-09-16 14:48:48
FRONTBUSD,FRONT,BUSD,BREAK,2025-09-16 14:48:48
BCHABUSD,BCHA,BUSD,BREAK,2025-09-16 14:48:48
ROSEBUSD,ROSE,BUSD,BREAK,2025-09-16 14:48:48
BUSDBRL,BUSD,BRL,BREAK,2025-09-16 14:48:48
SYSBUSD,SYS,BUSD,BREAK,2025-09-16 14:48:48
XEMUSDT,XEM,USDT,BREAK,2025-09-16 14:48:48
HEGICETH,HEGIC,ETH,BREAK,2025-09-16 14:48:48
HEGICBUSD,HEGIC,BUSD,BREAK,2025-09-16 14:48:48
AAVEUPUSDT,AAVEUP,USDT,BREAK,2025-09-16 14:48:48
AAVEDOWNUSDT,AAVEDOWN,USDT,BREAK,2025-09-16 14:48:48
PROMBNB,PROM,BNB,BREAK,2025-09-16 14:48:48
PROMBUSD,PROM,BUSD,BREAK,2025-09-16 14:48:48
XRPNGN,XRP,NGN,BREAK,2025-09-16 14:48:48
SKLBUSD,SKL,BUSD,BREAK,2025-09-16 14:48:48
YFIEUR,YFI,EUR,BREAK,2025-09-16 14:48:48
ZILBIDR,ZIL,BIDR,BREAK,2025-09-16 14:48:48
SUSDBTC,SUSD,BTC,BREAK,2025-09-16 14:48:48
SUSDETH,SUSD,ETH,BREAK,2025-09-16 14:48:48
SUSDUSDT,SUSD,USDT,BREAK,2025-09-16 14:48:48
COVERETH,COVER,ETH,BREAK,2025-09-16 14:48:48
COVERBUSD,COVER,BUSD,BREAK,2025-09-16 14:48:48
GLMETH,GLM,ETH,BREAK,2025-09-16 14:48:48
GHSTETH,GHST,ETH,BREAK,2025-09-16 14:48:48
GHSTBUSD,GHST,BUSD,BREAK,2025-09-16 14:48:48
SUSHIUPUSDT,SUSHIUP,USDT,BREAK,2025-09-16 14:48:48
SUSHIDOWNUSDT,SUSHIDOWN,USDT,BREAK,2025-09-16 14:48:48
XLMUPUSDT,XLMUP,USDT,BREAK,2025-09-16 14:48:48
XLMDOWNUSDT,XLMDOWN,USDT,BREAK,2025-09-16 14:48:48
LINKNGN,LINK,NGN,BREAK,2025-09-16 14:48:48
LTCRUB,LTC,RUB,BREAK,2025-09-16 14:48:48
DFETH,DF,ETH,BREAK,2025-09-16 14:48:48
DFBUSD,DF,BUSD,BREAK,2025-09-16 14:48:48
JUVBTC,JUV,BTC,BREAK,2025-09-16 14:48:48
JUVBUSD,JUV,BUSD,BREAK,2025-09-16 14:48:48
PSGBTC,PSG,BTC,BREAK,2025-09-16 14:48:48
PSGBUSD,PSG,BUSD,BREAK,2025-09-16 14:48:48
BUSDBVND,BUSD,BVND,BREAK,2025-09-16 14:48:48
USDTBVND,USDT,BVND,BREAK,2025-09-16 14:48:48
REEFBTC,REEF,BTC,BREAK,2025-09-16 14:48:48
REEFUSDT,REEF,USDT,BREAK,2025-09-16 14:48:48
ATMBTC,ATM,BTC,BREAK,2025-09-16 14:48:48
ASRBTC,ASR,BTC,BREAK,2025-09-16 14:48:48
LINKGBP,LINK,GBP,BREAK,2025-09-16 14:48:48
BTCSTBTC,BTCST,BTC,BREAK,2025-09-16 14:48:48
BTCSTBUSD,BTCST,BUSD,BREAK,2025-09-16 14:48:48
BTCSTUSDT,BTCST,USDT,BREAK,2025-09-16 14:48:48
TRUBTC,TRU,BTC,BREAK,2025-09-16 14:48:48
TRUBUSD,TRU,BUSD,BREAK,2025-09-16 14:48:48
DEXEETH,DEXE,ETH,BREAK,2025-09-16 14:48:48
DEXEBUSD,DEXE,BUSD,BREAK,2025-09-16 14:48:48
EOSEUR,EOS,EUR,BREAK,2025-09-16 14:48:48
USDCBUSD,USDC,BUSD,BREAK,2025-09-16 14:48:48
TUSDBUSD,TUSD,BUSD,BREAK,2025-09-16 14:48:48
PAXBUSD,PAX,BUSD,BREAK,2025-09-16 14:48:48
CKBBTC,CKB,BTC,BREAK,2025-09-16 14:48:48
CKBBUSD,CKB,BUSD,BREAK,2025-09-16 14:48:48
TWTBTC,TWT,BTC,BREAK,2025-09-16 14:48:48
TWTBUSD,TWT,BUSD,BREAK,2025-09-16 14:48:48
FIROBTC,FIRO,BTC,BREAK,2025-09-16 14:48:48
FIROETH,FIRO,ETH,BREAK,2025-09-16 14:48:48
FIROUSDT,FIRO,USDT,BREAK,2025-09-16 14:48:48
BETHETH,BETH,ETH,BREAK,2025-09-16 14:48:48
DOGEAUD,DOGE,AUD,BREAK,2025-09-16 14:48:48
DOTNGN,DOT,NGN,BREAK,2025-09-16 14:48:48
PROSETH,PROS,ETH,BREAK,2025-09-16 14:48:48
LITBTC,LIT,BTC,BREAK,2025-09-16 14:48:48
LITBUSD,LIT,BUSD,BREAK,2025-09-16 14:48:48
LITUSDT,LIT,USDT,BREAK,2025-09-16 14:48:48
BTCVAI,BTC,VAI,BREAK,2025-09-16 14:48:48
BUSDVAI,BUSD,VAI,BREAK,2025-09-16 14:48:48
SFPBUSD,SFP,BUSD,BREAK,2025-09-16 14:48:48
DOGEGBP,DOGE,GBP,BREAK,2025-09-16 14:48:48
FXSBTC,FXS,BTC,BREAK,2025-09-16 14:48:48
FXSBUSD,FXS,BUSD,BREAK,2025-09-16 14:48:48
DODOBUSD,DODO,BUSD,BREAK,2025-09-16 14:48:48
FRONTBTC,FRONT,BTC,BREAK,2025-09-16 14:48:48
EASYBTC,EASY,BTC,BREAK,2025-09-16 14:48:48
BAKEBUSD,BAKE,BUSD,BREAK,2025-09-16 14:48:48
UFTETH,UFT,ETH,BREAK,2025-09-16 14:48:48
UFTBUSD,UFT,BUSD,BREAK,2025-09-16 14:48:48
1INCHBUSD,1INCH,BUSD,BREAK,2025-09-16 14:48:48
BANDBUSD,BAND,BUSD,BREAK,2025-09-16 14:48:48
GRTBUSD,GRT,BUSD,BREAK,2025-09-16 14:48:48
IOSTBUSD,IOST,BUSD,BREAK,2025-09-16 14:48:48
OMGBUSD,OMG,BUSD,BREAK,2025-09-16 14:48:48
REEFBUSD,REEF,BUSD,BREAK,2025-09-16 14:48:48
ACMBTC,ACM,BTC,BREAK,2025-09-16 14:48:48
ACMBUSD,ACM,BUSD,BREAK,2025-09-16 14:48:48
AUCTIONBUSD,AUCTION,BUSD,BREAK,2025-09-16 14:48:48
PHABUSD,PHA,BUSD,BREAK,2025-09-16 14:48:48
DOTGBP,DOT,GBP,BREAK,2025-09-16 14:48:48
ADAGBP,ADA,GBP,BREAK,2025-09-16 14:48:48
TVKBTC,TVK,BTC,BREAK,2025-09-16 14:48:48
TVKBUSD,TVK,BUSD,BREAK,2025-09-16 14:48:48
BADGERBTC,BADGER,BTC,BREAK,2025-09-16 14:48:48
BADGERBUSD,BADGER,BUSD,BREAK,2025-09-16 14:48:48
BADGERUSDT,BADGER,USDT,BREAK,2025-09-16 14:48:48
FISBUSD,FIS,BUSD,BREAK,2025-09-16 14:48:48
ADAAUD,ADA,AUD,BREAK,2025-09-16 14:48:48
OMBUSD,OM,BUSD,BREAK,2025-09-16 14:48:48
PONDBTC,POND,BTC,BREAK,2025-09-16 14:48:48
PONDBUSD,POND,BUSD,BREAK,2025-09-16 14:48:48
DEGOBTC,DEGO,BTC,BREAK,2025-09-16 14:48:48
DEGOBUSD,DEGO,BUSD,BREAK,2025-09-16 14:48:48
BTTTRY,BTT,TRY,BREAK,2025-09-16 14:48:48
CHZBRL,CHZ,BRL,BREAK,2025-09-16 14:48:48
UNIEUR,UNI,EUR,BREAK,2025-09-16 14:48:48
ALICEBTC,ALICE,BTC,BREAK,2025-09-16 14:48:48
ALICEBUSD,ALICE,BUSD,BREAK,2025-09-16 14:48:48
CHZBUSD,CHZ,BUSD,BREAK,2025-09-16 14:48:48
CHZEUR,CHZ,EUR,BREAK,2025-09-16 14:48:48
CHZGBP,CHZ,GBP,BREAK,2025-09-16 14:48:48
BIFIBNB,BIFI,BNB,BREAK,2025-09-16 14:48:48
BIFIBUSD,BIFI,BUSD,BREAK,2025-09-16 14:48:48
LINABTC,LINA,BTC,BREAK,2025-09-16 14:48:48
LINABUSD,LINA,BUSD,BREAK,2025-09-16 14:48:48
LINAUSDT,LINA,USDT,BREAK,2025-09-16 14:48:48
ADARUB,ADA,RUB,BREAK,2025-09-16 14:48:48
ENJBRL,ENJ,BRL,BREAK,2025-09-16 14:48:48
ENJEUR,ENJ,EUR,BREAK,2025-09-16 14:48:48
MATICEUR,MATIC,EUR,BREAK,2025-09-16 14:48:48
PERPBTC,PERP,BTC,BREAK,2025-09-16 14:48:48
PERPBUSD,PERP,BUSD,BREAK,2025-09-16 14:48:48
RAMPBTC,RAMP,BTC,BREAK,2025-09-16 14:48:48
RAMPBUSD,RAMP,BUSD,BREAK,2025-09-16 14:48:48
RAMPUSDT,RAMP,USDT,BREAK,2025-09-16 14:48:48
SUPERBUSD,SUPER,BUSD,BREAK,2025-09-16 14:48:48
CFXBUSD,CFX,BUSD,BREAK,2025-09-16 14:48:48
ENJGBP,ENJ,GBP,BREAK,2025-09-16 14:48:48
EOSTRY,EOS,TRY,BREAK,2025-09-16 14:48:48
LTCGBP,LTC,GBP,BREAK,2025-09-16 14:48:48
LUNAEUR,LUNA,EUR,BREAK,2025-09-16 14:48:48
THETAEUR,THETA,EUR,BREAK,2025-09-16 14:48:48
XVGBUSD,XVG,BUSD,BREAK,2025-09-16 14:48:48
EPSBTC,EPS,BTC,BREAK,2025-09-16 14:48:48
EPSBUSD,EPS,BUSD,BREAK,2025-09-16 14:48:48
EPSUSDT,EPS,USDT,BREAK,2025-09-16 14:48:48
AUTOBTC,AUTO,BTC,BREAK,2025-09-16 14:48:48
AUTOBUSD,AUTO,BUSD,BREAK,2025-09-16 14:48:48
AUTOUSDT,AUTO,USDT,BREAK,2025-09-16 14:48:48
TKOBTC,TKO,BTC,BREAK,2025-09-16 14:48:48
TKOBIDR,TKO,BIDR,BREAK,2025-09-16 14:48:48
TKOBUSD,TKO,BUSD,BREAK,2025-09-16 14:48:48
PUNDIXETH,PUNDIX,ETH,BREAK,2025-09-16 14:48:48
BTTBRL,BTT,BRL,BREAK,2025-09-16 14:48:48
BTTEUR,BTT,EUR,BREAK,2025-09-16 14:48:48
HOTEUR,HOT,EUR,BREAK,2025-09-16 14:48:48
TLMBTC,TLM,BTC,BREAK,2025-09-16 14:48:48
TLMBUSD,TLM,BUSD,BREAK,2025-09-16 14:48:48
1INCHUPUSDT,1INCHUP,USDT,BREAK,2025-09-16 14:48:48
1INCHDOWNUSDT,1INCHDOWN,USDT,BREAK,2025-09-16 14:48:48
BTGBUSD,BTG,BUSD,BREAK,2025-09-16 14:48:48
BTGUSDT,BTG,USDT,BREAK,2025-09-16 14:48:48
HOTBUSD,HOT,BUSD,BREAK,2025-09-16 14:48:48
BNBUAH,BNB,UAH,BREAK,2025-09-16 14:48:48
VETGBP,VET,GBP,BREAK,2025-09-16 14:48:48
WINBRL,WIN,BRL,BREAK,2025-09-16 14:48:48
MIRBTC,MIR,BTC,BREAK,2025-09-16 14:48:48
MIRBUSD,MIR,BUSD,BREAK,2025-09-16 14:48:48
MIRUSDT,MIR,USDT,BREAK,2025-09-16 14:48:48
BARBTC,BAR,BTC,BREAK,2025-09-16 14:48:48
BARBUSD,BAR,BUSD,BREAK,2025-09-16 14:48:48
FORTHBUSD,FORTH,BUSD,BREAK,2025-09-16 14:48:48
CAKEGBP,CAKE,GBP,BREAK,2025-09-16 14:48:48
DOGERUB,DOGE,RUB,BREAK,2025-09-16 14:48:48
HOTBRL,HOT,BRL,BREAK,2025-09-16 14:48:48
WRXEUR,WRX,EUR,BREAK,2025-09-16 14:48:48
EZBTC,EZ,BTC,BREAK,2025-09-16 14:48:48
EZETH,EZ,ETH,BREAK,2025-09-16 14:48:48
BURGERBUSD,BURGER,BUSD,BREAK,2025-09-16 14:48:48
BURGERUSDT,BURGER,USDT,BREAK,2025-09-16 14:48:48
SLPBUSD,SLP,BUSD,BREAK,2025-09-16 14:48:48
TRXAUD,TRX,AUD,BREAK,2025-09-16 14:48:48
SHIBBUSD,SHIB,BUSD,BREAK,2025-09-16 14:48:48
ICPBNB,ICP,BNB,BREAK,2025-09-16 14:48:48
ICPBUSD,ICP,BUSD,BREAK,2025-09-16 14:48:48
SHIBRUB,SHIB,RUB,BREAK,2025-09-16 14:48:48
ETCEUR,ETC,EUR,BREAK,2025-09-16 14:48:48
ETCBRL,ETC,BRL,BREAK,2025-09-16 14:48:48
DOGEBIDR,DOGE,BIDR,BREAK,2025-09-16 14:48:48
ARBNB,AR,BNB,BREAK,2025-09-16 14:48:48
ARBUSD,AR,BUSD,BREAK,2025-09-16 14:48:48
POLSBTC,POLS,BTC,BREAK,2025-09-16 14:48:48
POLSBNB,POLS,BNB,BREAK,2025-09-16 14:48:48
POLSBUSD,POLS,BUSD,BREAK,2025-09-16 14:48:48
POLSUSDT,POLS,USDT,BREAK,2025-09-16 14:48:48
MDXBTC,MDX,BTC,BREAK,2025-09-16 14:48:48
MDXBNB,MDX,BNB,BREAK,2025-09-16 14:48:48
MDXBUSD,MDX,BUSD,BREAK,2025-09-16 14:48:48
MDXUSDT,MDX,USDT,BREAK,2025-09-16 14:48:48
MASKBNB,MASK,BNB,BREAK,2025-09-16 14:48:48
MASKBUSD,MASK,BUSD,BREAK,2025-09-16 14:48:48
LPTBUSD,LPT,BUSD,BREAK,2025-09-16 14:48:48
ETHUAH,ETH,UAH,BREAK,2025-09-16 14:48:48
MATICBRL,MATIC,BRL,BREAK,2025-09-16 14:48:48
AGIXBTC,AGIX,BTC,BREAK,2025-09-16 14:48:48
MATICGBP,MATIC,GBP,BREAK,2025-09-16 14:48:48
MATICBIDR,MATIC,BIDR,BREAK,2025-09-16 14:48:48
MATICRUB,MATIC,RUB,BREAK,2025-09-16 14:48:48
NUBTC,NU,BTC,BREAK,2025-09-16 14:48:48
NUBNB,NU,BNB,BREAK,2025-09-16 14:48:48
NUBUSD,NU,BUSD,BREAK,2025-09-16 14:48:48
NUUSDT,NU,USDT,BREAK,2025-09-16 14:48:48
RLCBUSD,RLC,BUSD,BREAK,2025-09-16 14:48:48
CELRBUSD,CELR,BUSD,BREAK,2025-09-16 14:48:48
ATMBUSD,ATM,BUSD,BREAK,2025-09-16 14:48:48
ZENBUSD,ZEN,BUSD,BREAK,2025-09-16 14:48:48
FTMBUSD,FTM,BUSD,BREAK,2025-09-16 14:48:48
THETABUSD,THETA,BUSD,BREAK,2025-09-16 14:48:48
WINBUSD,WIN,BUSD,BREAK,2025-09-16 14:48:48
KAVABUSD,KAVA,BUSD,BREAK,2025-09-16 14:48:48
XEMBUSD,XEM,BUSD,BREAK,2025-09-16 14:48:48
ATABNB,ATA,BNB,BREAK,2025-09-16 14:48:48
ATABUSD,ATA,BUSD,BREAK,2025-09-16 14:48:48
GTCBTC,GTC,BTC,BREAK,2025-09-16 14:48:48
GTCBNB,GTC,BNB,BREAK,2025-09-16 14:48:48
GTCBUSD,GTC,BUSD,BREAK,2025-09-16 14:48:48
TORNBTC,TORN,BTC,BREAK,2025-09-16 14:48:48
TORNBNB,TORN,BNB,BREAK,2025-09-16 14:48:48
TORNBUSD,TORN,BUSD,BREAK,2025-09-16 14:48:48
TORNUSDT,TORN,USDT,BREAK,2025-09-16 14:48:48
MATICTRY,MATIC,TRY,BREAK,2025-09-16 14:48:48
ETCGBP,ETC,GBP,BREAK,2025-09-16 14:48:48
SOLGBP,SOL,GBP,BREAK,2025-09-16 14:48:48
COTIBUSD,COTI,BUSD,BREAK,2025-09-16 14:48:48
KEEPBTC,KEEP,BTC,BREAK,2025-09-16 14:48:48
KEEPBNB,KEEP,BNB,BREAK,2025-09-16 14:48:48
KEEPBUSD,KEEP,BUSD,BREAK,2025-09-16 14:48:48
KEEPUSDT,KEEP,USDT,BREAK,2025-09-16 14:48:48
RUNEGBP,RUNE,GBP,BREAK,2025-09-16 14:48:48
SCBUSD,SC,BUSD,BREAK,2025-09-16 14:48:48
CHRBUSD,CHR,BUSD,BREAK,2025-09-16 14:48:48
STMXBUSD,STMX,BUSD,BREAK,2025-09-16 14:48:48
HNTBUSD,HNT,BUSD,BREAK,2025-09-16 14:48:48
FTTBUSD,FTT,BUSD,BREAK,2025-09-16 14:48:48
DOCKBUSD,DOCK,BUSD,BREAK,2025-09-16 14:48:48
ADABIDR,ADA,BIDR,BREAK,2025-09-16 14:48:48
ERNBNB,ERN,BNB,BREAK,2025-09-16 14:48:48
ERNBUSD,ERN,BUSD,BREAK,2025-09-16 14:48:48
ERNUSDT,ERN,USDT,BREAK,2025-09-16 14:48:48
KLAYBTC,KLAY,BTC,BREAK,2025-09-16 14:48:48
KLAYBNB,KLAY,BNB,BREAK,2025-09-16 14:48:48
KLAYBUSD,KLAY,BUSD,BREAK,2025-09-16 14:48:48
KLAYUSDT,KLAY,USDT,BREAK,2025-09-16 14:48:48
RUNEEUR,RUNE,EUR,BREAK,2025-09-16 14:48:48
MATICAUD,MATIC,AUD,BREAK,2025-09-16 14:48:48
DOTRUB,DOT,RUB,BREAK,2025-09-16 14:48:48
UTKBUSD,UTK,BUSD,BREAK,2025-09-16 14:48:48
IOTXBUSD,IOTX,BUSD,BREAK,2025-09-16 14:48:48
SOLRUB,SOL,RUB,BREAK,2025-09-16 14:48:48
RUNEAUD,RUNE,AUD,BREAK,2025-09-16 14:48:48
BUSDUAH,BUSD,UAH,BREAK,2025-09-16 14:48:48
BONDBTC,BOND,BTC,BREAK,2025-09-16 14:48:48
BONDBNB,BOND,BNB,BREAK,2025-09-16 14:48:48
BONDBUSD,BOND,BUSD,BREAK,2025-09-16 14:48:48
BONDUSDT,BOND,USDT,BREAK,2025-09-16 14:48:48
MLNBTC,MLN,BTC,BREAK,2025-09-16 14:48:48
MLNBNB,MLN,BNB,BREAK,2025-09-16 14:48:48
MLNBUSD,MLN,BUSD,BREAK,2025-09-16 14:48:48
CAKEBRL,CAKE,BRL,BREAK,2025-09-16 14:48:48
ICPRUB,ICP,RUB,BREAK,2025-09-16 14:48:48
DOTAUD,DOT,AUD,BREAK,2025-09-16 14:48:48
AAVEBRL,AAVE,BRL,BREAK,2025-09-16 14:48:48
EOSAUD,EOS,AUD,BREAK,2025-09-16 14:48:48
LTOBUSD,LTO,BUSD,BREAK,2025-09-16 14:48:48
ADXBUSD,ADX,BUSD,BREAK,2025-09-16 14:48:48
QUICKBTC,QUICK,BTC,BREAK,2025-09-16 14:48:48
QUICKBNB,QUICK,BNB,BREAK,2025-09-16 14:48:48
QUICKBUSD,QUICK,BUSD,BREAK,2025-09-16 14:48:48
C98BUSD,C98,BUSD,BREAK,2025-09-16 14:48:48
C98BNB,C98,BNB,BREAK,2025-09-16 14:48:48
C98BTC,C98,BTC,BREAK,2025-09-16 14:48:48
CLVBTC,CLV,BTC,BREAK,2025-09-16 14:48:48
CLVBNB,CLV,BNB,BREAK,2025-09-16 14:48:48
CLVBUSD,CLV,BUSD,BREAK,2025-09-16 14:48:48
CLVUSDT,CLV,USDT,BREAK,2025-09-16 14:48:48
QNTBNB,QNT,BNB,BREAK,2025-09-16 14:48:48
QNTBUSD,QNT,BUSD,BREAK,2025-09-16 14:48:48
FLOWBNB,FLOW,BNB,BREAK,2025-09-16 14:48:48
FLOWBUSD,FLOW,BUSD,BREAK,2025-09-16 14:48:48
XECBUSD,XEC,BUSD,BREAK,2025-09-16 14:48:48
AXSBRL,AXS,BRL,BREAK,2025-09-16 14:48:48
AXSAUD,AXS,AUD,BREAK,2025-09-16 14:48:48
TVKUSDT,TVK,USDT,BREAK,2025-09-16 14:48:48
MINABNB,MINA,BNB,BREAK,2025-09-16 14:48:48
MINABUSD,MINA,BUSD,BREAK,2025-09-16 14:48:48
RAYBNB,RAY,BNB,BREAK,2025-09-16 14:48:48
RAYBUSD,RAY,BUSD,BREAK,2025-09-16 14:48:48
FARMBTC,FARM,BTC,BREAK,2025-09-16 14:48:48
FARMBNB,FARM,BNB,BREAK,2025-09-16 14:48:48
FARMBUSD,FARM,BUSD,BREAK,2025-09-16 14:48:48
ALPACABTC,ALPACA,BTC,BREAK,2025-09-16 14:48:48
ALPACABNB,ALPACA,BNB,BREAK,2025-09-16 14:48:48
ALPACABUSD,ALPACA,BUSD,BREAK,2025-09-16 14:48:48
ALPACAUSDT,ALPACA,USDT,BREAK,2025-09-16 14:48:48
ORNBUSD,ORN,BUSD,BREAK,2025-09-16 14:48:48
MBOXBTC,MBOX,BTC,BREAK,2025-09-16 14:48:48
MBOXBNB,MBOX,BNB,BREAK,2025-09-16 14:48:48
MBOXBUSD,MBOX,BUSD,BREAK,2025-09-16 14:48:48
VGXBTC,VGX,BTC,BREAK,2025-09-16 14:48:48
VGXETH,VGX,ETH,BREAK,2025-09-16 14:48:48
FORUSDT,FOR,USDT,BREAK,2025-09-16 14:48:48
TRURUB,TRU,RUB,BREAK,2025-09-16 14:48:48
FISBRL,FIS,BRL,BREAK,2025-09-16 14:48:48
WAXPBUSD,WAXP,BUSD,BREAK,2025-09-16 14:48:48
WAXPBNB,WAXP,BNB,BREAK,2025-09-16 14:48:48
TRIBEBTC,TRIBE,BTC,BREAK,2025-09-16 14:48:48
TRIBEBNB,TRIBE,BNB,BREAK,2025-09-16 14:48:48
TRIBEBUSD,TRIBE,BUSD,BREAK,2025-09-16 14:48:48
TRIBEUSDT,TRIBE,USDT,BREAK,2025-09-16 14:48:48
GNOBUSD,GNO,BUSD,BREAK,2025-09-16 14:48:48
GNOBNB,GNO,BNB,BREAK,2025-09-16 14:48:48
GNOBTC,GNO,BTC,BREAK,2025-09-16 14:48:48
PROMBTC,PROM,BTC,BREAK,2025-09-16 14:48:48
MTLBUSD,MTL,BUSD,BREAK,2025-09-16 14:48:48
OGNBUSD,OGN,BUSD,BREAK,2025-09-16 14:48:48
C98BRL,C98,BRL,BREAK,2025-09-16 14:48:48
SOLAUD,SOL,AUD,BREAK,2025-09-16 14:48:48
XRPBIDR,XRP,BIDR,BREAK,2025-09-16 14:48:48
POLYBUSD,POLY,BUSD,BREAK,2025-09-16 14:48:48
ELFUSDT,ELF,USDT,BREAK,2025-09-16 14:48:48
DYDXBUSD,DYDX,BUSD,BREAK,2025-09-16 14:48:48
DYDXBNB,DYDX,BNB,BREAK,2025-09-16 14:48:48
ELFBUSD,ELF,BUSD,BREAK,2025-09-16 14:48:48
POLYUSDT,POLY,USDT,BREAK,2025-09-16 14:48:48
VIDTUSDT,VIDT,USDT,BREAK,2025-09-16 14:48:48
SOLBIDR,SOL,BIDR,BREAK,2025-09-16 14:48:48
BTCUSDP,BTC,USDP,BREAK,2025-09-16 14:48:48
ETHUSDP,ETH,USDP,BREAK,2025-09-16 14:48:48
BNBUSDP,BNB,USDP,BREAK,2025-09-16 14:48:48
USDPBUSD,USDP,BUSD,BREAK,2025-09-16 14:48:48
GALABUSD,GALA,BUSD,BREAK,2025-09-16 14:48:48
GALABNB,GALA,BNB,BREAK,2025-09-16 14:48:48
FTMBIDR,FTM,BIDR,BREAK,2025-09-16 14:48:48
ALGOBIDR,ALGO,BIDR,BREAK,2025-09-16 14:48:48
CAKEAUD,CAKE,AUD,BREAK,2025-09-16 14:48:48
KSMAUD,KSM,AUD,BREAK,2025-09-16 14:48:48
WAVESRUB,WAVES,RUB,BREAK,2025-09-16 14:48:48
SUNBUSD,SUN,BUSD,BREAK,2025-09-16 14:48:48
ILVBUSD,ILV,BUSD,BREAK,2025-09-16 14:48:48
ILVBNB,ILV,BNB,BREAK,2025-09-16 14:48:48
RENBUSD,REN,BUSD,BREAK,2025-09-16 14:48:48
YGGBUSD,YGG,BUSD,BREAK,2025-09-16 14:48:48
YGGBNB,YGG,BNB,BREAK,2025-09-16 14:48:48
STXBUSD,STX,BUSD,BREAK,2025-09-16 14:48:48
ARPARUB,ARPA,RUB,BREAK,2025-09-16 14:48:48
LTCUAH,LTC,UAH,BREAK,2025-09-16 14:48:48
FETBUSD,FET,BUSD,BREAK,2025-09-16 14:48:48
ARPABUSD,ARPA,BUSD,BREAK,2025-09-16 14:48:48
LSKBUSD,LSK,BUSD,BREAK,2025-09-16 14:48:48
AVAXBIDR,AVAX,BIDR,BREAK,2025-09-16 14:48:48
ALICEBIDR,ALICE,BIDR,BREAK,2025-09-16 14:48:48
FIDABUSD,FIDA,BUSD,BREAK,2025-09-16 14:48:48
FIDABNB,FIDA,BNB,BREAK,2025-09-16 14:48:48
DENTBUSD,DENT,BUSD,BREAK,2025-09-16 14:48:48
FRONTUSDT,FRONT,USDT,BREAK,2025-09-16 14:48:48
CVPUSDT,CVP,USDT,BREAK,2025-09-16 14:48:48
AGLDBNB,AGLD,BNB,BREAK,2025-09-16 14:48:48
AGLDBUSD,AGLD,BUSD,BREAK,2025-09-16 14:48:48
RADBTC,RAD,BTC,BREAK,2025-09-16 14:48:48
RADBNB,RAD,BNB,BREAK,2025-09-16 14:48:48
RADBUSD,RAD,BUSD,BREAK,2025-09-16 14:48:48
UNIAUD,UNI,AUD,BREAK,2025-09-16 14:48:48
HIVEBUSD,HIVE,BUSD,BREAK,2025-09-16 14:48:48
STPTBUSD,STPT,BUSD,BREAK,2025-09-16 14:48:48
BETABTC,BETA,BTC,BREAK,2025-09-16 14:48:48
BETABNB,BETA,BNB,BREAK,2025-09-16 14:48:48
BETABUSD,BETA,BUSD,BREAK,2025-09-16 14:48:48
BETAUSDT,BETA,USDT,BREAK,2025-09-16 14:48:48
SHIBAUD,SHIB,AUD,BREAK,2025-09-16 14:48:48
RAREBNB,RARE,BNB,BREAK,2025-09-16 14:48:48
RAREBUSD,RARE,BUSD,BREAK,2025-09-16 14:48:48
AVAXAUD,AVAX,AUD,BREAK,2025-09-16 14:48:48
LUNAAUD,LUNA,AUD,BREAK,2025-09-16 14:48:48
TROYBUSD,TROY,BUSD,BREAK,2025-09-16 14:48:48
FTMETH,FTM,ETH,BREAK,2025-09-16 14:48:48
LAZIOEUR,LAZIO,EUR,BREAK,2025-09-16 14:48:48
LAZIOBTC,LAZIO,BTC,BREAK,2025-09-16 14:48:48
CHESSBTC,CHESS,BTC,BREAK,2025-09-16 14:48:48
CHESSBNB,CHESS,BNB,BREAK,2025-09-16 14:48:48
CHESSBUSD,CHESS,BUSD,BREAK,2025-09-16 14:48:48
FTMAUD,FTM,AUD,BREAK,2025-09-16 14:48:48
FTMBRL,FTM,BRL,BREAK,2025-09-16 14:48:48
SCRTBUSD,SCRT,BUSD,BREAK,2025-09-16 14:48:48
CELOBUSD,CELO,BUSD,BREAK,2025-09-16 14:48:48
FTMRUB,FTM,RUB,BREAK,2025-09-16 14:48:48
NUAUD,NU,AUD,BREAK,2025-09-16 14:48:48
NURUB,NU,RUB,BREAK,2025-09-16 14:48:48
REEFTRY,REEF,TRY,BREAK,2025-09-16 14:48:48
REEFBIDR,REEF,BIDR,BREAK,2025-09-16 14:48:48
DARUSDT,DAR,USDT,BREAK,2025-09-16 14:48:48
DARBUSD,DAR,BUSD,BREAK,2025-09-16 14:48:48
DARBNB,DAR,BNB,BREAK,2025-09-16 14:48:48
DARBTC,DAR,BTC,BREAK,2025-09-16 14:48:48
BNXBTC,BNX,BTC,BREAK,2025-09-16 14:48:48
BNXBNB,BNX,BNB,BREAK,2025-09-16 14:48:48
BNXBUSD,BNX,BUSD,BREAK,2025-09-16 14:48:48
BNXUSDT,BNX,USDT,BREAK,2025-09-16 14:48:48
RGTUSDT,RGT,USDT,BREAK,2025-09-16 14:48:48
RGTBTC,RGT,BTC,BREAK,2025-09-16 14:48:48
RGTBUSD,RGT,BUSD,BREAK,2025-09-16 14:48:48
RGTBNB,RGT,BNB,BREAK,2025-09-16 14:48:48
LAZIOBUSD,LAZIO,BUSD,BREAK,2025-09-16 14:48:48
OXTBUSD,OXT,BUSD,BREAK,2025-09-16 14:48:48
ALGORUB,ALGO,RUB,BREAK,2025-09-16 14:48:48
SHIBUAH,SHIB,UAH,BREAK,2025-09-16 14:48:48
LUNABIDR,LUNA,BIDR,BREAK,2025-09-16 14:48:48
AUDUSDC,AUD,USDC,BREAK,2025-09-16 14:48:48
MOVRBNB,MOVR,BNB,BREAK,2025-09-16 14:48:48
MOVRBUSD,MOVR,BUSD,BREAK,2025-09-16 14:48:48
CITYBTC,CITY,BTC,BREAK,2025-09-16 14:48:48
CITYBNB,CITY,BNB,BREAK,2025-09-16 14:48:48
CITYBUSD,CITY,BUSD,BREAK,2025-09-16 14:48:48
ENSBNB,ENS,BNB,BREAK,2025-09-16 14:48:48
ENSBUSD,ENS,BUSD,BREAK,2025-09-16 14:48:48
SANDETH,SAND,ETH,BREAK,2025-09-16 14:48:48
MATICETH,MATIC,ETH,BREAK,2025-09-16 14:48:48
ANKRBUSD,ANKR,BUSD,BREAK,2025-09-16 14:48:48
MANABRL,MANA,BRL,BREAK,2025-09-16 14:48:48
KP3RUSDT,KP3R,USDT,BREAK,2025-09-16 14:48:48
QIBUSD,QI,BUSD,BREAK,2025-09-16 14:48:48
QIBNB,QI,BNB,BREAK,2025-09-16 14:48:48
QIBTC,QI,BTC,BREAK,2025-09-16 14:48:48
PORTOBTC,PORTO,BTC,BREAK,2025-09-16 14:48:48
PORTOEUR,PORTO,EUR,BREAK,2025-09-16 14:48:48
POWRBUSD,POWR,BUSD,BREAK,2025-09-16 14:48:48
FISTRY,FIS,TRY,BREAK,2025-09-16 14:48:48
CHRETH,CHR,ETH,BREAK,2025-09-16 14:48:48
FISBIDR,FIS,BIDR,BREAK,2025-09-16 14:48:48
VGXUSDT,VGX,USDT,BREAK,2025-09-16 14:48:48
JASMYBUSD,JASMY,BUSD,BREAK,2025-09-16 14:48:48
JASMYBNB,JASMY,BNB,BREAK,2025-09-16 14:48:48
JASMYBTC,JASMY,BTC,BREAK,2025-09-16 14:48:48
AMPBTC,AMP,BTC,BREAK,2025-09-16 14:48:48
AMPBNB,AMP,BNB,BREAK,2025-09-16 14:48:48
AMPBUSD,AMP,BUSD,BREAK,2025-09-16 14:48:48
PLABTC,PLA,BTC,BREAK,2025-09-16 14:48:48
PLABNB,PLA,BNB,BREAK,2025-09-16 14:48:48
PLABUSD,PLA,BUSD,BREAK,2025-09-16 14:48:48
PLAUSDT,PLA,USDT,BREAK,2025-09-16 14:48:48
PYRBUSD,PYR,BUSD,BREAK,2025-09-16 14:48:48
RNDRBTC,RNDR,BTC,BREAK,2025-09-16 14:48:48
RNDRUSDT,RNDR,USDT,BREAK,2025-09-16 14:48:48
RNDRBUSD,RNDR,BUSD,BREAK,2025-09-16 14:48:48
ALCXBTC,ALCX,BTC,BREAK,2025-09-16 14:48:48
ALCXBUSD,ALCX,BUSD,BREAK,2025-09-16 14:48:48
SANTOSBRL,SANTOS,BRL,BREAK,2025-09-16 14:48:48
MCBTC,MC,BTC,BREAK,2025-09-16 14:48:48
MCBUSD,MC,BUSD,BREAK,2025-09-16 14:48:48
MCUSDT,MC,USDT,BREAK,2025-09-16 14:48:48
COCOSBUSD,COCOS,BUSD,BREAK,2025-09-16 14:48:48
NEORUB,NEO,RUB,BREAK,2025-09-16 14:48:48
SANDAUD,SAND,AUD,BREAK,2025-09-16 14:48:48
SLPBIDR,SLP,BIDR,BREAK,2025-09-16 14:48:48
ANYBTC,ANY,BTC,BREAK,2025-09-16 14:48:48
ANYBUSD,ANY,BUSD,BREAK,2025-09-16 14:48:48
ANYUSDT,ANY,USDT,BREAK,2025-09-16 14:48:48
BICOBUSD,BICO,BUSD,BREAK,2025-09-16 14:48:48
FLUXBUSD,FLUX,BUSD,BREAK,2025-09-16 14:48:48
REQBUSD,REQ,BUSD,BREAK,2025-09-16 14:48:48
SANDBRL,SAND,BRL,BREAK,2025-09-16 14:48:48
MANABIDR,MANA,BIDR,BREAK,2025-09-16 14:48:48
SANDBIDR,SAND,BIDR,BREAK,2025-09-16 14:48:48
VOXELBTC,VOXEL,BTC,BREAK,2025-09-16 14:48:48
VOXELBNB,VOXEL,BNB,BREAK,2025-09-16 14:48:48
VOXELBUSD,VOXEL,BUSD,BREAK,2025-09-16 14:48:48
COSBUSD,COS,BUSD,BREAK,2025-09-16 14:48:48
CTXCBUSD,CTXC,BUSD,BREAK,2025-09-16 14:48:48
FTMTRY,FTM,TRY,BREAK,2025-09-16 14:48:48
MANABNB,MANA,BNB,BREAK,2025-09-16 14:48:48
XTZTRY,XTZ,TRY,BREAK,2025-09-16 14:48:48
HIGHBTC,HIGH,BTC,BREAK,2025-09-16 14:48:48
HIGHBUSD,HIGH,BUSD,BREAK,2025-09-16 14:48:48
CVXBTC,CVX,BTC,BREAK,2025-09-16 14:48:48
CVXBUSD,CVX,BUSD,BREAK,2025-09-16 14:48:48
PEOPLEBUSD,PEOPLE,BUSD,BREAK,2025-09-16 14:48:48
OOKIBUSD,OOKI,BUSD,BREAK,2025-09-16 14:48:48
OOKIUSDT,OOKI,USDT,BREAK,2025-09-16 14:48:48
COCOSTRY,COCOS,TRY,BREAK,2025-09-16 14:48:48
GXSBNB,GXS,BNB,BREAK,2025-09-16 14:48:48
LUNAETH,LUNA,ETH,BREAK,2025-09-16 14:48:48
MDTBUSD,MDT,BUSD,BREAK,2025-09-16 14:48:48
NULSBUSD,NULS,BUSD,BREAK,2025-09-16 14:48:48
SPELLBTC,SPELL,BTC,BREAK,2025-09-16 14:48:48
SPELLBUSD,SPELL,BUSD,BREAK,2025-09-16 14:48:48
USTBTC,UST,BTC,BREAK,2025-09-16 14:48:48
USTBUSD,UST,BUSD,BREAK,2025-09-16 14:48:48
USTUSDT,UST,USDT,BREAK,2025-09-16 14:48:48
JOEBUSD,JOE,BUSD,BREAK,2025-09-16 14:48:48
DUSKBUSD,DUSK,BUSD,BREAK,2025-09-16 14:48:48
LUNABRL,LUNA,BRL,BREAK,2025-09-16 14:48:48
LUNAUST,LUNA,UST,BREAK,2025-09-16 14:48:48
ROSEBNB,ROSE,BNB,BREAK,2025-09-16 14:48:48
VOXELETH,VOXEL,ETH,BREAK,2025-09-16 14:48:48
ALICEBNB,ALICE,BNB,BREAK,2025-09-16 14:48:48
ETHUST,ETH,UST,BREAK,2025-09-16 14:48:48
GALAAUD,GALA,AUD,BREAK,2025-09-16 14:48:48
LRCBNB,LRC,BNB,BREAK,2025-09-16 14:48:48
ONEETH,ONE,ETH,BREAK,2025-09-16 14:48:48
OOKIBNB,OOKI,BNB,BREAK,2025-09-16 14:48:48
ACHBUSD,ACH,BUSD,BREAK,2025-09-16 14:48:48
IMXBUSD,IMX,BUSD,BREAK,2025-09-16 14:48:48
GLMRBUSD,GLMR,BUSD,BREAK,2025-09-16 14:48:48
ATOMBIDR,ATOM,BIDR,BREAK,2025-09-16 14:48:48
DYDXETH,DYDX,ETH,BREAK,2025-09-16 14:48:48
FARMETH,FARM,ETH,BREAK,2025-09-16 14:48:48
FORBNB,FOR,BNB,BREAK,2025-09-16 14:48:48
JASMYETH,JASMY,ETH,BREAK,2025-09-16 14:48:48
LINABNB,LINA,BNB,BREAK,2025-09-16 14:48:48
OOKIETH,OOKI,ETH,BREAK,2025-09-16 14:48:48
ROSEETH,ROSE,ETH,BREAK,2025-09-16 14:48:48
UMABUSD,UMA,BUSD,BREAK,2025-09-16 14:48:48
XTZETH,XTZ,ETH,BREAK,2025-09-16 14:48:48
LOKABTC,LOKA,BTC,BREAK,2025-09-16 14:48:48
LOKABNB,LOKA,BNB,BREAK,2025-09-16 14:48:48
LOKABUSD,LOKA,BUSD,BREAK,2025-09-16 14:48:48
LOKAUSDT,LOKA,USDT,BREAK,2025-09-16 14:48:48
ATOMBRL,ATOM,BRL,BREAK,2025-09-16 14:48:48
BNBUST,BNB,UST,BREAK,2025-09-16 14:48:48
CRVETH,CRV,ETH,BREAK,2025-09-16 14:48:48
HIGHBNB,HIGH,BNB,BREAK,2025-09-16 14:48:48
NEARRUB,NEAR,RUB,BREAK,2025-09-16 14:48:48
API3BUSD,API3,BUSD,BREAK,2025-09-16 14:48:48
BTTCUSDC,BTTC,USDC,BREAK,2025-09-16 14:48:48
ACABTC,ACA,BTC,BREAK,2025-09-16 14:48:48
ACABUSD,ACA,BUSD,BREAK,2025-09-16 14:48:48
ANCBTC,ANC,BTC,BREAK,2025-09-16 14:48:48
ANCBUSD,ANC,BUSD,BREAK,2025-09-16 14:48:48
ANCUSDT,ANC,USDT,BREAK,2025-09-16 14:48:48
BDOTDOT,BDOT,DOT,BREAK,2025-09-16 14:48:48
XNOETH,XNO,ETH,BREAK,2025-09-16 14:48:48
XNOBUSD,XNO,BUSD,BREAK,2025-09-16 14:48:48
KAVAETH,KAVA,ETH,BREAK,2025-09-16 14:48:48
MCBNB,MC,BNB,BREAK,2025-09-16 14:48:48
WOOBTC,WOO,BTC,BREAK,2025-09-16 14:48:48
WOOBNB,WOO,BNB,BREAK,2025-09-16 14:48:48
WOOBUSD,WOO,BUSD,BREAK,2025-09-16 14:48:48
CELRETH,CELR,ETH,BREAK,2025-09-16 14:48:48
PEOPLEBNB,PEOPLE,BNB,BREAK,2025-09-16 14:48:48
SLPBNB,SLP,BNB,BREAK,2025-09-16 14:48:48
SPELLBNB,SPELL,BNB,BREAK,2025-09-16 14:48:48
TFUELBUSD,TFUEL,BUSD,BREAK,2025-09-16 14:48:48
DARTRY,DAR,TRY,BREAK,2025-09-16 14:48:48
IDEXBNB,IDEX,BNB,BREAK,2025-09-16 14:48:48
ALPINEEUR,ALPINE,EUR,BREAK,2025-09-16 14:48:48
ALPINEBTC,ALPINE,BTC,BREAK,2025-09-16 14:48:48
TBUSD,T,BUSD,BREAK,2025-09-16 14:48:48
API3BNB,API3,BNB,BREAK,2025-09-16 14:48:48
BETAETH,BETA,ETH,BREAK,2025-09-16 14:48:48
TLMBNB,TLM,BNB,BREAK,2025-09-16 14:48:48
ASTRBUSD,ASTR,BUSD,BREAK,2025-09-16 14:48:48
GLMRBNB,GLMR,BNB,BREAK,2025-09-16 14:48:48
GMTBNB,GMT,BNB,BREAK,2025-09-16 14:48:48
GMTBUSD,GMT,BUSD,BREAK,2025-09-16 14:48:48
ANCBNB,ANC,BNB,BREAK,2025-09-16 14:48:48
KSMETH,KSM,ETH,BREAK,2025-09-16 14:48:48
KDABUSD,KDA,BUSD,BREAK,2025-09-16 14:48:48
APEBUSD,APE,BUSD,BREAK,2025-09-16 14:48:48
ALPINEBUSD,ALPINE,BUSD,BREAK,2025-09-16 14:48:48
LUNAGBP,LUNA,GBP,BREAK,2025-09-16 14:48:48
WAVESEUR,WAVES,EUR,BREAK,2025-09-16 14:48:48
APEEUR,APE,EUR,BREAK,2025-09-16 14:48:48
APEGBP,APE,GBP,BREAK,2025-09-16 14:48:48
BSWUSDT,BSW,USDT,BREAK,2025-09-16 14:48:48
BSWBUSD,BSW,BUSD,BREAK,2025-09-16 14:48:48
BSWBNB,BSW,BNB,BREAK,2025-09-16 14:48:48
APEBNB,APE,BNB,BREAK,2025-09-16 14:48:48
GMTBRL,GMT,BRL,BREAK,2025-09-16 14:48:48
GMTETH,GMT,ETH,BREAK,2025-09-16 14:48:48
SANTOSBUSD,SANTOS,BUSD,BREAK,2025-09-16 14:48:48
APEAUD,APE,AUD,BREAK,2025-09-16 14:48:48
IMXBNB,IMX,BNB,BREAK,2025-09-16 14:48:48
AVAXGBP,AVAX,GBP,BREAK,2025-09-16 14:48:48
MULTIBTC,MULTI,BTC,BREAK,2025-09-16 14:48:48
MULTIBUSD,MULTI,BUSD,BREAK,2025-09-16 14:48:48
MULTIUSDT,MULTI,USDT,BREAK,2025-09-16 14:48:48
APEETH,APE,ETH,BREAK,2025-09-16 14:48:48
BSWETH,BSW,ETH,BREAK,2025-09-16 14:48:48
FTMEUR,FTM,EUR,BREAK,2025-09-16 14:48:48
GMTGBP,GMT,GBP,BREAK,2025-09-16 14:48:48
WAVESTRY,WAVES,TRY,BREAK,2025-09-16 14:48:48
BTCUST,BTC,UST,BREAK,2025-09-16 14:48:48
ASTRETH,ASTR,ETH,BREAK,2025-09-16 14:48:48
BSWTRY,BSW,TRY,BREAK,2025-09-16 14:48:48
FTTETH,FTT,ETH,BREAK,2025-09-16 14:48:48
FUNBNB,FUN,BNB,BREAK,2025-09-16 14:48:48
PORTOBUSD,PORTO,BUSD,BREAK,2025-09-16 14:48:48
ZILEUR,ZIL,EUR,BREAK,2025-09-16 14:48:48
APEBRL,APE,BRL,BREAK,2025-09-16 14:48:48
BTTCBUSD,BTTC,BUSD,BREAK,2025-09-16 14:48:48
GMTAUD,GMT,AUD,BREAK,2025-09-16 14:48:48
MBLBUSD,MBL,BUSD,BREAK,2025-09-16 14:48:48
MOBUSDT,MOB,USDT,BREAK,2025-09-16 14:48:48
MOBBUSD,MOB,BUSD,BREAK,2025-09-16 14:48:48
MOBBTC,MOB,BTC,BREAK,2025-09-16 14:48:48
NEXOBUSD,NEXO,BUSD,BREAK,2025-09-16 14:48:48
REIBNB,REI,BNB,BREAK,2025-09-16 14:48:48
REIETH,REI,ETH,BREAK,2025-09-16 14:48:48
GALUSDT,GAL,USDT,BREAK,2025-09-16 14:48:48
GALBUSD,GAL,BUSD,BREAK,2025-09-16 14:48:48
GALBNB,GAL,BNB,BREAK,2025-09-16 14:48:48
GALBTC,GAL,BTC,BREAK,2025-09-16 14:48:48
JASMYEUR,JASMY,EUR,BREAK,2025-09-16 14:48:48
KNCBNB,KNC,BNB,BREAK,2025-09-16 14:48:48
SHIBGBP,SHIB,GBP,BREAK,2025-09-16 14:48:48
GALEUR,GAL,EUR,BREAK,2025-09-16 14:48:48
GALTRY,GAL,TRY,BREAK,2025-09-16 14:48:48
LDOBUSD,LDO,BUSD,BREAK,2025-09-16 14:48:48
DAREUR,DAR,EUR,BREAK,2025-09-16 14:48:48
DARETH,DAR,ETH,BREAK,2025-09-16 14:48:48
ALGOETH,ALGO,ETH,BREAK,2025-09-16 14:48:48
GALETH,GAL,ETH,BREAK,2025-09-16 14:48:48
EPXUSDT,EPX,USDT,BREAK,2025-09-16 14:48:48
EPXBUSD,EPX,BUSD,BREAK,2025-09-16 14:48:48
RUNETRY,RUNE,TRY,BREAK,2025-09-16 14:48:48
GALBRL,GAL,BRL,BREAK,2025-09-16 14:48:48
STEEMBUSD,STEEM,BUSD,BREAK,2025-09-16 14:48:48
CVCBUSD,CVC,BUSD,BREAK,2025-09-16 14:48:48
REIBUSD,REI,BUSD,BREAK,2025-09-16 14:48:48
DREPBUSD,DREP,BUSD,BREAK,2025-09-16 14:48:48
AKROBUSD,AKRO,BUSD,BREAK,2025-09-16 14:48:48
PUNDIXBUSD,PUNDIX,BUSD,BREAK,2025-09-16 14:48:48
LUNCBUSD,LUNC,BUSD,BREAK,2025-09-16 14:48:48
USTCBUSD,USTC,BUSD,BREAK,2025-09-16 14:48:48
OPBUSD,OP,BUSD,BREAK,2025-09-16 14:48:48
OGBUSD,OG,BUSD,BREAK,2025-09-16 14:48:48
KEYBUSD,KEY,BUSD,BREAK,2025-09-16 14:48:48
ASRBUSD,ASR,BUSD,BREAK,2025-09-16 14:48:48
FIROBUSD,FIRO,BUSD,BREAK,2025-09-16 14:48:48
NKNBUSD,NKN,BUSD,BREAK,2025-09-16 14:48:48
OPBNB,OP,BNB,BREAK,2025-09-16 14:48:48
GTOBUSD,GTO,BUSD,BREAK,2025-09-16 14:48:48
SNXETH,SNX,ETH,BREAK,2025-09-16 14:48:48
WBTCBUSD,WBTC,BUSD,BREAK,2025-09-16 14:48:48
BELETH,BEL,ETH,BREAK,2025-09-16 14:48:48
LITETH,LIT,ETH,BREAK,2025-09-16 14:48:48
LEVERUSDT,LEVER,USDT,BREAK,2025-09-16 14:48:48
LEVERBUSD,LEVER,BUSD,BREAK,2025-09-16 14:48:48
BURGERETH,BURGER,ETH,BREAK,2025-09-16 14:48:48
PEOPLEETH,PEOPLE,ETH,BREAK,2025-09-16 14:48:48
UNFIETH,UNFI,ETH,BREAK,2025-09-16 14:48:48
BONDETH,BOND,ETH,BREAK,2025-09-16 14:48:48
WINGETH,WING,ETH,BREAK,2025-09-16 14:48:48
GLMBUSD,GLM,BUSD,BREAK,2025-09-16 14:48:48
SSVBUSD,SSV,BUSD,BREAK,2025-09-16 14:48:48
STGBUSD,STG,BUSD,BREAK,2025-09-16 14:48:48
ARKBUSD,ARK,BUSD,BREAK,2025-09-16 14:48:48
BETHBUSD,BETH,BUSD,BREAK,2025-09-16 14:48:48
LOOMBUSD,LOOM,BUSD,BREAK,2025-09-16 14:48:48
SNMBUSD,SNM,BUSD,BREAK,2025-09-16 14:48:48
AMBBUSD,AMB,BUSD,BREAK,2025-09-16 14:48:48
PHBBUSD,PHB,BUSD,BREAK,2025-09-16 14:48:48
GASBUSD,GAS,BUSD,BREAK,2025-09-16 14:48:48
NEBLBUSD,NEBL,BUSD,BREAK,2025-09-16 14:48:48
PROSBUSD,PROS,BUSD,BREAK,2025-09-16 14:48:48
VIBBUSD,VIB,BUSD,BREAK,2025-09-16 14:48:48
GMXBTC,GMX,BTC,BREAK,2025-09-16 14:48:48
GMXBUSD,GMX,BUSD,BREAK,2025-09-16 14:48:48
AGIXBUSD,AGIX,BUSD,BREAK,2025-09-16 14:48:48
NEBLUSDT,NEBL,USDT,BREAK,2025-09-16 14:48:48
SNTBUSD,SNT,BUSD,BREAK,2025-09-16 14:48:48
POLYXBUSD,POLYX,BUSD,BREAK,2025-09-16 14:48:48
APTBUSD,APT,BUSD,BREAK,2025-09-16 14:48:48
BUSDPLN,BUSD,PLN,BREAK,2025-09-16 14:48:48
APTBRL,APT,BRL,BREAK,2025-09-16 14:48:48
QKCBUSD,QKC,BUSD,BREAK,2025-09-16 14:48:48
OSMOBTC,OSMO,BTC,BREAK,2025-09-16 14:48:48
OSMOBUSD,OSMO,BUSD,BREAK,2025-09-16 14:48:48
HFTBUSD,HFT,BUSD,BREAK,2025-09-16 14:48:48
ARPAETH,ARPA,ETH,BREAK,2025-09-16 14:48:48
VITEBUSD,VITE,BUSD,BREAK,2025-09-16 14:48:48
HOOKBTC,HOOK,BTC,BREAK,2025-09-16 14:48:48
HOOKBUSD,HOOK,BUSD,BREAK,2025-09-16 14:48:48
HOOKBNB,HOOK,BNB,BREAK,2025-09-16 14:48:48
MAGICBUSD,MAGIC,BUSD,BREAK,2025-09-16 14:48:48
BUSDRON,BUSD,RON,BREAK,2025-09-16 14:48:48
HIFIETH,HIFI,ETH,BREAK,2025-09-16 14:48:48
RPLBTC,RPL,BTC,BREAK,2025-09-16 14:48:48
RPLBUSD,RPL,BUSD,BREAK,2025-09-16 14:48:48
PROSUSDT,PROS,USDT,BREAK,2025-09-16 14:48:48
GFTBUSD,GFT,BUSD,BREAK,2025-09-16 14:48:48
AGIXUSDT,AGIX,USDT,BREAK,2025-09-16 14:48:48
GNSBTC,GNS,BTC,BREAK,2025-09-16 14:48:48
SYNBTC,SYN,BTC,BREAK,2025-09-16 14:48:48
VIBUSDT,VIB,USDT,BREAK,2025-09-16 14:48:48
LQTYBTC,LQTY,BTC,BREAK,2025-09-16 14:48:48
AMBUSDT,AMB,USDT,BREAK,2025-09-16 14:48:48
BETHUSDT,BETH,USDT,BREAK,2025-09-16 14:48:48
UFTUSDT,UFT,USDT,BREAK,2025-09-16 14:48:48
IDBNB,ID,BNB,BREAK,2025-09-16 14:48:48
AGIXTRY,AGIX,TRY,BREAK,2025-09-16 14:48:48
LOOMUSDT,LOOM,USDT,BREAK,2025-09-16 14:48:48
OAXUSDT,OAX,USDT,BREAK,2025-09-16 14:48:48
IDTUSD,ID,TUSD,BREAK,2025-09-16 14:48:48
IDEUR,ID,EUR,BREAK,2025-09-16 14:48:48
LDOTUSD,LDO,TUSD,BREAK,2025-09-16 14:48:48
MATICTUSD,MATIC,TUSD,BREAK,2025-09-16 14:48:48
OPTUSD,OP,TUSD,BREAK,2025-09-16 14:48:48
SSVTUSD,SSV,TUSD,BREAK,2025-09-16 14:48:48
RDNTBTC,RDNT,BTC,BREAK,2025-09-16 14:48:48
RDNTTUSD,RDNT,TUSD,BREAK,2025-09-16 14:48:48
ARBRUB,ARB,RUB,BREAK,2025-09-16 14:48:48
JOETRY,JOE,TRY,BREAK,2025-09-16 14:48:48
XVSTRY,XVS,TRY,BREAK,2025-09-16 14:48:48
USDTRON,USDT,RON,BREAK,2025-09-16 14:48:48
EDUTUSD,EDU,TUSD,BREAK,2025-09-16 14:48:48
EDUBNB,EDU,BNB,BREAK,2025-09-16 14:48:48
EDUBTC,EDU,BTC,BREAK,2025-09-16 14:48:48
EDUEUR,EDU,EUR,BREAK,2025-09-16 14:48:48
SUITUSD,SUI,TUSD,BREAK,2025-09-16 14:48:48
AERGOUSDT,AERGO,USDT,BREAK,2025-09-16 14:48:48
RNDRTRY,RNDR,TRY,BREAK,2025-09-16 14:48:48
PEPETUSD,PEPE,TUSD,BREAK,2025-09-16 14:48:48
FLOKITUSD,FLOKI,TUSD,BREAK,2025-09-16 14:48:48
ASTUSDT,AST,USDT,BREAK,2025-09-16 14:48:48
SNTUSDT,SNT,USDT,BREAK,2025-09-16 14:48:48
COMBOUSDT,COMBO,USDT,BREAK,2025-09-16 14:48:48
COMBOBNB,COMBO,BNB,BREAK,2025-09-16 14:48:48
COMBOTRY,COMBO,TRY,BREAK,2025-09-16 14:48:48
MAVTUSD,MAV,TUSD,BREAK,2025-09-16 14:48:48
CFXTUSD,CFX,TUSD,BREAK,2025-09-16 14:48:48
PENDLETUSD,PENDLE,TUSD,BREAK,2025-09-16 14:48:48
OCEANTRY,OCEAN,TRY,BREAK,2025-09-16 14:48:48
TUSDTRY,TUSD,TRY,BREAK,2025-09-16 14:48:48
XVGTUSD,XVG,TUSD,BREAK,2025-09-16 14:48:48
ARKMTUSD,ARKM,TUSD,BREAK,2025-09-16 14:48:48
AVAXTUSD,AVAX,TUSD,BREAK,2025-09-16 14:48:48
COMPTUSD,COMP,TUSD,BREAK,2025-09-16 14:48:48
QUICKTUSD,QUICK,TUSD,BREAK,2025-09-16 14:48:48
FDUSDBUSD,FDUSD,BUSD,BREAK,2025-09-16 14:48:48
ARKMRUB,ARKM,RUB,BREAK,2025-09-16 14:48:48
WLDRUB,WLD,RUB,BREAK,2025-09-16 14:48:48
ACMTRY,ACM,TRY,BREAK,2025-09-16 14:48:48
CYBERTUSD,CYBER,TUSD,BREAK,2025-09-16 14:48:48
SEITUSD,SEI,TUSD,BREAK,2025-09-16 14:48:48
TOMOTRY,TOMO,TRY,BREAK,2025-09-16 14:48:48
UNFITRY,UNFI,TRY,BREAK,2025-09-16 14:48:48
MTLTRY,MTL,TRY,BREAK,2025-09-16 14:48:48
CREAMUSDT,CREAM,USDT,BREAK,2025-09-16 14:48:48
GFTUSDT,GFT,USDT,BREAK,2025-09-16 14:48:48
USDTVAI,USDT,VAI,BREAK,2025-09-16 14:48:48
FRONTTRY,FRONT,TRY,BREAK,2025-09-16 14:48:48
NTRNBTC,NTRN,BTC,BREAK,2025-09-16 14:48:48
FRONTTUSD,FRONT,TUSD,BREAK,2025-09-16 14:48:48
LEVERTRY,LEVER,TRY,BREAK,2025-09-16 14:48:48
RUNETUSD,RUNE,TUSD,BREAK,2025-09-16 14:48:48
BANDTRY,BAND,TRY,BREAK,2025-09-16 14:48:48
LOOMTRY,LOOM,TRY,BREAK,2025-09-16 14:48:48
MATICFDUSD,MATIC,FDUSD,BREAK,2025-09-16 14:48:48
ALGOFDUSD,ALGO,FDUSD,BREAK,2025-09-16 14:48:48
FTMFDUSD,FTM,FDUSD,BREAK,2025-09-16 14:48:48
MEMEBNB,MEME,BNB,BREAK,2025-09-16 14:48:48
MEMETUSD,MEME,TUSD,BREAK,2025-09-16 14:48:48
GASFDUSD,GAS,FDUSD,BREAK,2025-09-16 14:48:48
INJTUSD,INJ,TUSD,BREAK,2025-09-16 14:48:48
ORDITUSD,ORDI,TUSD,BREAK,2025-09-16 14:48:48
RNDRFDUSD,RNDR,FDUSD,BREAK,2025-09-16 14:48:48
SHIBTUSD,SHIB,TUSD,BREAK,2025-09-16 14:48:48
CAKETUSD,CAKE,TUSD,BREAK,2025-09-16 14:48:48
TIATUSD,TIA,TUSD,BREAK,2025-09-16 14:48:48
DOTTUSD,DOT,TUSD,BREAK,2025-09-16 14:48:48
VICBTC,VIC,BTC,BREAK,2025-09-16 14:48:48
BLURBTC,BLUR,BTC,BREAK,2025-09-16 14:48:48
BLURFDUSD,BLUR,FDUSD,BREAK,2025-09-16 14:48:48
SUPERFDUSD,SUPER,FDUSD,BREAK,2025-09-16 14:48:48
USTCFDUSD,USTC,FDUSD,BREAK,2025-09-16 14:48:48
VANRYBTC,VANRY,BTC,BREAK,2025-09-16 14:48:48
BTCAEUR,BTC,AEUR,BREAK,2025-09-16 14:48:48
ETHAEUR,ETH,AEUR,BREAK,2025-09-16 14:48:48
EURAEUR,EUR,AEUR,BREAK,2025-09-16 14:48:48
IOTAFDUSD,IOTA,FDUSD,BREAK,2025-09-16 14:48:48
MEMEETH,MEME,ETH,BREAK,2025-09-16 14:48:48
ACEFDUSD,ACE,FDUSD,BREAK,2025-09-16 14:48:48
ACEBNB,ACE,BNB,BREAK,2025-09-16 14:48:48
ACEBTC,ACE,BTC,BREAK,2025-09-16 14:48:48
BLZFDUSD,BLZ,FDUSD,BREAK,2025-09-16 14:48:48
NFPBNB,NFP,BNB,BREAK,2025-09-16 14:48:48
NFPTUSD,NFP,TUSD,BREAK,2025-09-16 14:48:48
MATICUSDC,MATIC,USDC,BREAK,2025-09-16 14:48:48
AITUSD,AI,TUSD,BREAK,2025-09-16 14:48:48
XAIBTC,XAI,BTC,BREAK,2025-09-16 14:48:48
XAIBNB,XAI,BNB,BREAK,2025-09-16 14:48:48
XAIFDUSD,XAI,FDUSD,BREAK,2025-09-16 14:48:48
XAITUSD,XAI,TUSD,BREAK,2025-09-16 14:48:48
MANTABNB,MANTA,BNB,BREAK,2025-09-16 14:48:48
CHZFDUSD,CHZ,FDUSD,BREAK,2025-09-16 14:48:48
MAGICFDUSD,MAGIC,FDUSD,BREAK,2025-09-16 14:48:48
DYMBTC,DYM,BTC,BREAK,2025-09-16 14:48:48
DYMFDUSD,DYM,FDUSD,BREAK,2025-09-16 14:48:48
PIXELBTC,PIXEL,BTC,BREAK,2025-09-16 14:48:48
PIXELBNB,PIXEL,BNB,BREAK,2025-09-16 14:48:48
PIXELFDUSD,PIXEL,FDUSD,BREAK,2025-09-16 14:48:48
STRKBTC,STRK,BTC,BREAK,2025-09-16 14:48:48
PDABTC,PDA,BTC,BREAK,2025-09-16 14:48:48
PDAUSDT,PDA,USDT,BREAK,2025-09-16 14:48:48
AXLFDUSD,AXL,FDUSD,BREAK,2025-09-16 14:48:48
AGIXFDUSD,AGIX,FDUSD,BREAK,2025-09-16 14:48:48
THETAFDUSD,THETA,FDUSD,BREAK,2025-09-16 14:48:48
METISBTC,METIS,BTC,BREAK,2025-09-16 14:48:48
METISFDUSD,METIS,FDUSD,BREAK,2025-09-16 14:48:48
AEVOBNB,AEVO,BNB,BREAK,2025-09-16 14:48:48
IMXTRY,IMX,TRY,BREAK,2025-09-16 14:48:48
BOMEBTC,BOME,BTC,BREAK,2025-09-16 14:48:48
ETHFIBTC,ETHFI,BTC,BREAK,2025-09-16 14:48:48
ETHFIBNB,ETHFI,BNB,BREAK,2025-09-16 14:48:48
FETBRL,FET,BRL,BREAK,2025-09-16 14:48:48
RNDREUR,RNDR,EUR,BREAK,2025-09-16 14:48:48
MKRTRY,MKR,TRY,BREAK,2025-09-16 14:48:48
RNDRBRL,RNDR,BRL,BREAK,2025-09-16 14:48:48
LQTYFDUSD,LQTY,FDUSD,BREAK,2025-09-16 14:48:48
TNSRBTC,TNSR,BTC,BREAK,2025-09-16 14:48:48
TNSRFDUSD,TNSR,FDUSD,BREAK,2025-09-16 14:48:48
USDTCZK,USDT,CZK,BREAK,2025-09-16 14:48:48
RNDRUSDC,RNDR,USDC,BREAK,2025-09-16 14:48:48
OMNIBNB,OMNI,BNB,BREAK,2025-09-16 14:48:48
OMNIBRL,OMNI,BRL,BREAK,2025-09-16 14:48:48
YGGTRY,YGG,TRY,BREAK,2025-09-16 14:48:48
REZBTC,REZ,BTC,BREAK,2025-09-16 14:48:48
REZBNB,REZ,BNB,BREAK,2025-09-16 14:48:48
REZFDUSD,REZ,FDUSD,BREAK,2025-09-16 14:48:48
FRONTUSDC,FRONT,USDC,BREAK,2025-09-16 14:48:48
NOTBNB,NOT,BNB,BREAK,2025-09-16 14:48:48
ENAEUR,ENA,EUR,BREAK,2025-09-16 14:48:48
TRBFDUSD,TRB,FDUSD,BREAK,2025-09-16 14:48:48
NOTBRL,NOT,BRL,BREAK,2025-09-16 14:48:48
LISTABRL,LISTA,BRL,BREAK,2025-09-16 14:48:48
BNXTRY,BNX,TRY,BREAK,2025-09-16 14:48:48
NOTEUR,NOT,EUR,BREAK,2025-09-16 14:48:48
MATICJPY,MATIC,JPY,BREAK,2025-09-16 14:48:48
DOGSBNB,DOGS,BNB,BREAK,2025-09-16 14:48:48
DOGSBRL,DOGS,BRL,BREAK,2025-09-16 14:48:48
RAREBRL,RARE,BRL,BREAK,2025-09-16 14:48:48
STMXTRY,STMX,TRY,BREAK,2025-09-16 14:48:48
CATIBNB,CATI,BNB,BREAK,2025-09-16 14:48:48
CATIFDUSD,CATI,FDUSD,BREAK,2025-09-16 14:48:48
CATIBRL,CATI,BRL,BREAK,2025-09-16 14:48:48
HMSTRBNB,HMSTR,BNB,BREAK,2025-09-16 14:48:48
NEIROBRL,NEIRO,BRL,BREAK,2025-09-16 14:48:48
NEIROEUR,NEIRO,EUR,BREAK,2025-09-16 14:48:48
TROYTRY,TROY,TRY,BREAK,2025-09-16 14:48:48
ACTBRL,ACT,BRL,BREAK,2025-09-16 14:48:48
ACTEUR,ACT,EUR,BREAK,2025-09-16 14:48:48
TURBOFDUSD,TURBO,FDUSD,BREAK,2025-09-16 14:48:48
THEBTC,THE,BTC,BREAK,2025-09-16 14:48:48
THEBNB,THE,BNB,BREAK,2025-09-16 14:48:48
THEFDUSD,THE,FDUSD,BREAK,2025-09-16 14:48:48
TROYUSDC,TROY,USDC,BREAK,2025-09-16 14:48:48
EOSFDUSD,EOS,FDUSD,BREAK,2025-09-16 14:48:48
RSRFDUSD,RSR,FDUSD,BREAK,2025-09-16 14:48:48
MOVEFDUSD,MOVE,FDUSD,BREAK,2025-09-16 14:48:48
ACXFDUSD,ACX,FDUSD,BREAK,2025-09-16 14:48:48
ORCAFDUSD,ORCA,FDUSD,BREAK,2025-09-16 14:48:48
HIVEFDUSD,HIVE,FDUSD,BREAK,2025-09-16 14:48:48
IDEXFDUSD,IDEX,FDUSD,BREAK,2025-09-16 14:48:48
TLMFDUSD,TLM,FDUSD,BREAK,2025-09-16 14:48:48
VANABNB,VANA,BNB,BREAK,2025-09-16 14:48:48
1000CATBNB,1000CAT,BNB,BREAK,2025-09-16 14:48:48
PENGUBNB,PENGU,BNB,BREAK,2025-09-16 14:48:48
ANIMEBNB,ANIME,BNB,BREAK,2025-09-16 14:48:48
ANIMEFDUSD,ANIME,FDUSD,BREAK,2025-09-16 14:48:48
TSTFDUSD,TST,FDUSD,BREAK,2025-09-16 14:48:48
BNXUSDC,BNX,USDC,BREAK,2025-09-16 14:48:48
KAITOBNB,KAITO,BNB,BREAK,2025-09-16 14:48:48
KAITOBRL,KAITO,BRL,BREAK,2025-09-16 14:48:48
GPSFDUSD,GPS,FDUSD,BREAK,2025-09-16 14:48:48
MKRUSDC,MKR,USDC,BREAK,2025-09-16 14:48:48
BMTBNB,BMT,BNB,BREAK,2025-09-16 14:48:48
NILFDUSD,NIL,FDUSD,BREAK,2025-09-16 14:48:48
BABYBNB,BABY,BNB,BREAK,2025-09-16 14:48:48
BABYFDUSD,BABY,FDUSD,BREAK,2025-09-16 14:48:48
BABYEUR,BABY,EUR,BREAK,2025-09-16 14:48:48
HYPERFDUSD,HYPER,FDUSD,BREAK,2025-09-16 14:48:48
STOBNB,STO,BNB,BREAK,2025-09-16 14:48:48
SXTBNB,SXT,BNB,BREAK,2025-09-16 14:48:48
SXTFDUSD,SXT,FDUSD,BREAK,2025-09-16 14:48:48
NXPCFDUSD,NXPC,FDUSD,BREAK,2025-09-16 14:48:48
SOPHBNB,SOPH,BNB,BREAK,2025-09-16 14:48:48
