pair,base,quote,date
SYLO/USDT,SYLO,USDT,2025-09-08T05:36:14Z
KALIS/USDT,KALIS,USDT,2025-09-08T05:36:14Z
XCV/USDT,XCV,USDT,2025-09-08T05:36:14Z
FAND/USDT,FAND,USDT,2025-09-08T05:36:14Z
MOON/USDT,MOON,USDT,2025-09-08T05:36:14Z
JUNO/USDT,JUNO,USDT,2025-09-08T05:36:14Z
ABBC/USDT,ABBC,USDT,2025-09-08T05:36:14Z
KINTO/USDT,KINTO,USDT,2025-09-08T06:43:44Z
SYLO/USDT,SYLO,USDT,2025-09-09T00:55:19Z
KALIS/USDT,KALIS,USDT,2025-09-09T00:55:19Z
XCV/USDT,XCV,USDT,2025-09-09T00:55:19Z
FAND/USDT,FAND,USDT,2025-09-09T00:55:19Z
MOON/USDT,MOON,USDT,2025-09-09T00:55:19Z
JUNO/USDT,JUNO,USDT,2025-09-09T00:55:19Z
KINTO/USDT,KINTO,USDT,2025-09-09T00:55:19Z
ABBC/USDT,ABBC,USDT,2025-09-09T00:55:19Z
W3GG/USDT,W3GG,USDT,2025-09-09T11:11:40Z
BRLN/USDT,BRLN,USDT,2025-09-09T11:11:40Z
NEWM/USDT,NEWM,USDT,2025-09-09T11:11:40Z
SYLO/USDT,SYLO,USDT,2025-09-10T00:00:10Z
KALIS/USDT,KALIS,USDT,2025-09-10T00:00:10Z
XCV/USDT,XCV,USDT,2025-09-10T00:00:10Z
FAND/USDT,FAND,USDT,2025-09-10T00:00:10Z
MOON/USDT,MOON,USDT,2025-09-10T00:00:10Z
JUNO/USDT,JUNO,USDT,2025-09-10T00:00:10Z
ABBC/USDT,ABBC,USDT,2025-09-10T00:00:10Z
AVL/USDT,AVL,USDT,2025-09-10T02:19:33Z
DOP/USDT,DOP,USDT,2025-09-10T15:50:02Z
SYLO/USDT,SYLO,USDT,2025-09-11T00:00:27Z
KALIS/USDT,KALIS,USDT,2025-09-11T00:00:27Z
XCV/USDT,XCV,USDT,2025-09-11T00:00:27Z
DOP/USDT,DOP,USDT,2025-09-11T00:00:27Z
FAND/USDT,FAND,USDT,2025-09-11T00:00:27Z
MOON/USDT,MOON,USDT,2025-09-11T00:00:27Z
JUNO/USDT,JUNO,USDT,2025-09-11T00:00:27Z
ABBC/USDT,ABBC,USDT,2025-09-11T00:00:27Z
GQB/USDT,GQB,USDT,2025-09-11T08:19:52Z
WTA/USDT,WTA,USDT,2025-09-11T08:19:52Z
GALAXIS/USDT,GALAXIS,USDT,2025-09-11T08:19:52Z
LIZARD/USDT,LIZARD,USDT,2025-09-11T08:19:52Z
MIRAI/USDT,MIRAI,USDT,2025-09-11T08:19:52Z
KINU/USDT,KINU,USDT,2025-09-11T08:19:52Z
GULL/USDT,GULL,USDT,2025-09-11T08:19:52Z
GREENBTC/USDT,GREENBTC,USDT,2025-09-11T08:19:52Z
NAP/USDT,NAP,USDT,2025-09-11T08:19:52Z
KRU/USDT,KRU,USDT,2025-09-11T08:19:52Z
DNAU/USDT,DNAU,USDT,2025-09-11T08:19:52Z
NOVA/USDT,NOVA,USDT,2025-09-11T08:19:52Z
AMZNX/USDT,AMZNX,USDT,2025-09-11T08:19:52Z
NUROAI/USDT,NUROAI,USDT,2025-09-11T08:19:52Z
PINGN/USDT,PINGN,USDT,2025-09-11T08:19:52Z
EQ/USDT,EQ,USDT,2025-09-11T08:19:52Z
VICS/USDT,VICS,USDT,2025-09-11T08:19:52Z
FINBLOX/USDT,FINBLOX,USDT,2025-09-11T08:19:52Z
RUSSELL/USDT,RUSSELL,USDT,2025-09-11T08:19:52Z
MUNITY/USDT,MUNITY,USDT,2025-09-11T08:19:52Z
ARIX/USDT,ARIX,USDT,2025-09-11T08:19:52Z
MATEAI/USDT,MATEAI,USDT,2025-09-11T08:19:52Z
JANITOR/USDT,JANITOR,USDT,2025-09-11T08:19:52Z
GSTOP/USDT,GSTOP,USDT,2025-09-11T08:19:52Z
LEO/USDT,LEO,USDT,2025-09-11T08:19:52Z
FORWARD/USDT,FORWARD,USDT,2025-09-11T08:19:52Z
FLAY/USDT,FLAY,USDT,2025-09-11T08:19:52Z
OGGYETH/USDT,OGGYETH,USDT,2025-09-11T08:19:52Z
VALENTINE/USDT,VALENTINE,USDT,2025-09-11T08:19:52Z
GQ/USDT,GQ,USDT,2025-09-11T08:19:52Z
MASS/USDT,MASS,USDT,2025-09-11T08:19:52Z
CT/USDT,CT,USDT,2025-09-11T08:19:52Z
NVDAX/USDT,NVDAX,USDT,2025-09-11T08:19:52Z
MARS/USDT,MARS,USDT,2025-09-11T08:19:52Z
ROCKI/USDT,ROCKI,USDT,2025-09-11T08:19:52Z
WALK/USDT,WALK,USDT,2025-09-11T08:19:52Z
DPR/USDT,DPR,USDT,2025-09-11T08:19:52Z
ICED/USDT,ICED,USDT,2025-09-11T08:19:52Z
FUCOIN/USDT,FUCOIN,USDT,2025-09-11T08:19:52Z
OSOL/USDT,OSOL,USDT,2025-09-11T08:19:52Z
KITTY/USDT,KITTY,USDT,2025-09-11T08:19:52Z
YZYSOL/USDT,YZYSOL,USDT,2025-09-11T08:19:52Z
MNEMO/USDT,MNEMO,USDT,2025-09-11T08:19:52Z
GENO/USDT,GENO,USDT,2025-09-11T08:19:52Z
OMN/USDT,OMN,USDT,2025-09-11T08:19:52Z
SOV/USDT,SOV,USDT,2025-09-11T08:19:52Z
CROWN/USDT,CROWN,USDT,2025-09-11T08:19:52Z
INFOFI/USDT,INFOFI,USDT,2025-09-11T08:19:52Z
DRA/USDT,DRA,USDT,2025-09-11T08:19:52Z
GNC/USDT,GNC,USDT,2025-09-11T08:19:52Z
OLE/USDT,OLE,USDT,2025-09-11T08:19:52Z
YOURAI/USDT,YOURAI,USDT,2025-09-11T08:19:52Z
UOS/USDT,UOS,USDT,2025-09-11T08:19:52Z
DFC/USDT,DFC,USDT,2025-09-11T08:19:52Z
GTCOIN/USDT,GTCOIN,USDT,2025-09-11T08:19:52Z
TAA/USDT,TAA,USDT,2025-09-11T08:19:52Z
HOODX/USDT,HOODX,USDT,2025-09-11T08:19:52Z
XLS/USDT,XLS,USDT,2025-09-11T08:19:52Z
RENQ/USDT,RENQ,USDT,2025-09-11T08:19:52Z
BLPT/USDT,BLPT,USDT,2025-09-11T08:19:52Z
CATE/USDT,CATE,USDT,2025-09-11T08:19:52Z
UPT/USDT,UPT,USDT,2025-09-11T08:19:52Z
GO/USDT,GO,USDT,2025-09-11T08:19:52Z
LUCKYCOIN/USDT,LUCKYCOIN,USDT,2025-09-11T08:19:52Z
XGROK/USDT,XGROK,USDT,2025-09-11T08:19:52Z
CROAK/USDT,CROAK,USDT,2025-09-11T08:19:52Z
TRUMP2024/USDT,TRUMP2024,USDT,2025-09-11T08:19:52Z
NYLA/USDT,NYLA,USDT,2025-09-11T08:19:52Z
MUDOL2/USDT,MUDOL2,USDT,2025-09-11T08:19:52Z
JSM/USDT,JSM,USDT,2025-09-11T08:19:52Z
GROW/USDT,GROW,USDT,2025-09-11T08:19:52Z
DINO/USDT,DINO,USDT,2025-09-11T08:19:52Z
ZRS/USDT,ZRS,USDT,2025-09-11T08:19:52Z
YAKA/USDT,YAKA,USDT,2025-09-11T08:19:52Z
IMAGINE/USDT,IMAGINE,USDT,2025-09-11T08:19:52Z
IONX/USDT,IONX,USDT,2025-09-11T08:19:52Z
RVX/USDT,RVX,USDT,2025-09-11T08:19:52Z
LMCSWAP/USDT,LMCSWAP,USDT,2025-09-11T08:19:52Z
BEETS/USDT,BEETS,USDT,2025-09-11T08:19:52Z
NDQ/USDT,NDQ,USDT,2025-09-11T08:19:52Z
PKTC/USDT,PKTC,USDT,2025-09-11T08:19:52Z
KDG/USDT,KDG,USDT,2025-09-11T08:19:52Z
HQ/USDT,HQ,USDT,2025-09-11T08:19:52Z
BITCAT/USDT,BITCAT,USDT,2025-09-11T08:19:52Z
PMG/USDT,PMG,USDT,2025-09-11T08:19:52Z
AE/USDT,AE,USDT,2025-09-11T08:19:52Z
LAMBO/USDT,LAMBO,USDT,2025-09-11T08:19:52Z
RETARDIO/USDT,RETARDIO,USDT,2025-09-11T08:19:52Z
IRISVIRTUAL/USDT,IRISVIRTUAL,USDT,2025-09-11T08:19:52Z
SQUAD/USDT,SQUAD,USDT,2025-09-11T08:19:52Z
PYN/USDT,PYN,USDT,2025-09-11T08:19:52Z
ELK/USDT,ELK,USDT,2025-09-11T08:19:52Z
BART/USDT,BART,USDT,2025-09-11T08:19:52Z
DKS/USDT,DKS,USDT,2025-09-11T08:19:52Z
FPX/USDT,FPX,USDT,2025-09-11T08:19:52Z
NEBL/USDT,NEBL,USDT,2025-09-11T08:19:52Z
EXS/USDT,EXS,USDT,2025-09-11T08:19:52Z
GOG/USDT,GOG,USDT,2025-09-11T08:19:52Z
COINX/USDT,COINX,USDT,2025-09-11T08:19:52Z
EON/USDT,EON,USDT,2025-09-11T08:19:52Z
AJUN/USDT,AJUN,USDT,2025-09-11T08:19:52Z
ONDOAI/USDT,ONDOAI,USDT,2025-09-11T08:19:52Z
NYAN/USDT,NYAN,USDT,2025-09-11T08:19:52Z
MCB/USDT,MCB,USDT,2025-09-11T08:19:52Z
REALIUM/USDT,REALIUM,USDT,2025-09-11T08:19:52Z
OCMT/USDT,OCMT,USDT,2025-09-11T08:19:52Z
AGNT/USDT,AGNT,USDT,2025-09-11T08:19:52Z
POPE/USDT,POPE,USDT,2025-09-11T08:19:52Z
MARIE/USDT,MARIE,USDT,2025-09-11T08:19:52Z
CRTS/USDT,CRTS,USDT,2025-09-11T08:19:52Z
EKTA/USDT,EKTA,USDT,2025-09-11T08:19:52Z
SPONGE/USDT,SPONGE,USDT,2025-09-11T08:19:52Z
LBR/USDT,LBR,USDT,2025-09-11T08:19:52Z
LBTC/USDT,LBTC,USDT,2025-09-11T08:19:52Z
SIMPSONETH/USDT,SIMPSONETH,USDT,2025-09-11T08:19:52Z
GGMT/USDT,GGMT,USDT,2025-09-11T08:19:52Z
STAGE/USDT,STAGE,USDT,2025-09-11T08:19:52Z
SCAM/USDT,SCAM,USDT,2025-09-11T08:19:52Z
FWC/USDT,FWC,USDT,2025-09-11T08:19:52Z
MPAA/USDT,MPAA,USDT,2025-09-11T08:19:52Z
EARNM/USDT,EARNM,USDT,2025-09-11T08:19:52Z
LCAT/USDT,LCAT,USDT,2025-09-11T08:19:52Z
HENLO/USDT,HENLO,USDT,2025-09-11T08:19:52Z
DARK/USDT,DARK,USDT,2025-09-11T08:19:52Z
NODEX/USDT,NODEX,USDT,2025-09-11T08:19:52Z
SYLO/USDT,SYLO,USDT,2025-09-12T01:26:53Z
KALIS/USDT,KALIS,USDT,2025-09-12T01:26:53Z
XCV/USDT,XCV,USDT,2025-09-12T01:26:53Z
DOP/USDT,DOP,USDT,2025-09-12T01:26:53Z
FAND/USDT,FAND,USDT,2025-09-12T01:26:53Z
MOON/USDT,MOON,USDT,2025-09-12T01:26:53Z
JUNO/USDT,JUNO,USDT,2025-09-12T01:26:53Z
ABBC/USDT,ABBC,USDT,2025-09-12T01:26:53Z
GQB/USDT,GQB,USDT,2025-09-12T04:12:13Z
WTA/USDT,WTA,USDT,2025-09-12T04:12:13Z
GALAXIS/USDT,GALAXIS,USDT,2025-09-12T04:12:13Z
LIZARD/USDT,LIZARD,USDT,2025-09-12T04:12:13Z
GULL/USDT,GULL,USDT,2025-09-12T04:12:13Z
GREENBTC/USDT,GREENBTC,USDT,2025-09-12T04:12:13Z
NAP/USDT,NAP,USDT,2025-09-12T04:12:13Z
KRU/USDT,KRU,USDT,2025-09-12T04:12:13Z
NOVA/USDT,NOVA,USDT,2025-09-12T04:12:13Z
EQ/USDT,EQ,USDT,2025-09-12T04:12:13Z
VICS/USDT,VICS,USDT,2025-09-12T04:12:13Z
FINBLOX/USDT,FINBLOX,USDT,2025-09-12T04:12:13Z
RUSSELL/USDT,RUSSELL,USDT,2025-09-12T04:12:13Z
MUNITY/USDT,MUNITY,USDT,2025-09-12T04:12:13Z
GSTOP/USDT,GSTOP,USDT,2025-09-12T04:12:13Z
LEO/USDT,LEO,USDT,2025-09-12T04:12:13Z
FORWARD/USDT,FORWARD,USDT,2025-09-12T04:12:13Z
FLAY/USDT,FLAY,USDT,2025-09-12T04:12:13Z
OGGYETH/USDT,OGGYETH,USDT,2025-09-12T04:12:13Z
VALENTINE/USDT,VALENTINE,USDT,2025-09-12T04:12:13Z
GQ/USDT,GQ,USDT,2025-09-12T04:12:13Z
MASS/USDT,MASS,USDT,2025-09-12T04:12:13Z
CT/USDT,CT,USDT,2025-09-12T04:12:13Z
WALK/USDT,WALK,USDT,2025-09-12T04:12:13Z
DPR/USDT,DPR,USDT,2025-09-12T04:12:13Z
FUCOIN/USDT,FUCOIN,USDT,2025-09-12T04:12:13Z
OSOL/USDT,OSOL,USDT,2025-09-12T04:12:13Z
MNEMO/USDT,MNEMO,USDT,2025-09-12T04:12:13Z
GENO/USDT,GENO,USDT,2025-09-12T04:12:13Z
OMN/USDT,OMN,USDT,2025-09-12T04:12:13Z
SOV/USDT,SOV,USDT,2025-09-12T04:12:13Z
CROWN/USDT,CROWN,USDT,2025-09-12T04:12:13Z
INFOFI/USDT,INFOFI,USDT,2025-09-12T04:12:13Z
DRA/USDT,DRA,USDT,2025-09-12T04:12:13Z
OLE/USDT,OLE,USDT,2025-09-12T04:12:13Z
UOS/USDT,UOS,USDT,2025-09-12T04:12:13Z
DFC/USDT,DFC,USDT,2025-09-12T04:12:13Z
GTCOIN/USDT,GTCOIN,USDT,2025-09-12T04:12:13Z
TAA/USDT,TAA,USDT,2025-09-12T04:12:13Z
XLS/USDT,XLS,USDT,2025-09-12T04:12:13Z
RENQ/USDT,RENQ,USDT,2025-09-12T04:12:13Z
CATE/USDT,CATE,USDT,2025-09-12T04:12:13Z
UPT/USDT,UPT,USDT,2025-09-12T04:12:13Z
NYLA/USDT,NYLA,USDT,2025-09-12T04:12:13Z
MUDOL2/USDT,MUDOL2,USDT,2025-09-12T04:12:13Z
JSM/USDT,JSM,USDT,2025-09-12T04:12:13Z
GROW/USDT,GROW,USDT,2025-09-12T04:12:13Z
ZRS/USDT,ZRS,USDT,2025-09-12T04:12:13Z
YAKA/USDT,YAKA,USDT,2025-09-12T04:12:13Z
IMAGINE/USDT,IMAGINE,USDT,2025-09-12T04:12:13Z
IONX/USDT,IONX,USDT,2025-09-12T04:12:13Z
LMCSWAP/USDT,LMCSWAP,USDT,2025-09-12T04:12:13Z
NDQ/USDT,NDQ,USDT,2025-09-12T04:12:13Z
PKTC/USDT,PKTC,USDT,2025-09-12T04:12:13Z
KDG/USDT,KDG,USDT,2025-09-12T04:12:13Z
HQ/USDT,HQ,USDT,2025-09-12T04:12:13Z
BITCAT/USDT,BITCAT,USDT,2025-09-12T04:12:13Z
PMG/USDT,PMG,USDT,2025-09-12T04:12:13Z
AE/USDT,AE,USDT,2025-09-12T04:12:13Z
RETARDIO/USDT,RETARDIO,USDT,2025-09-12T04:12:13Z
SQUAD/USDT,SQUAD,USDT,2025-09-12T04:12:13Z
ELK/USDT,ELK,USDT,2025-09-12T04:12:13Z
CHARLIE/USDT,CHARLIE,USDT,2025-09-12T04:12:13Z
DKS/USDT,DKS,USDT,2025-09-12T04:12:13Z
NEBL/USDT,NEBL,USDT,2025-09-12T04:12:13Z
EXS/USDT,EXS,USDT,2025-09-12T04:12:13Z
EON/USDT,EON,USDT,2025-09-12T04:12:13Z
AJUN/USDT,AJUN,USDT,2025-09-12T04:12:13Z
NYAN/USDT,NYAN,USDT,2025-09-12T04:12:13Z
MCB/USDT,MCB,USDT,2025-09-12T04:12:13Z
REALIUM/USDT,REALIUM,USDT,2025-09-12T04:12:13Z
OCMT/USDT,OCMT,USDT,2025-09-12T04:12:13Z
AGNT/USDT,AGNT,USDT,2025-09-12T04:12:13Z
MARIE/USDT,MARIE,USDT,2025-09-12T04:12:13Z
CRTS/USDT,CRTS,USDT,2025-09-12T04:12:13Z
LBR/USDT,LBR,USDT,2025-09-12T04:12:13Z
LBTC/USDT,LBTC,USDT,2025-09-12T04:12:13Z
GGMT/USDT,GGMT,USDT,2025-09-12T04:12:13Z
STAGE/USDT,STAGE,USDT,2025-09-12T04:12:13Z
SCAM/USDT,SCAM,USDT,2025-09-12T04:12:13Z
FWC/USDT,FWC,USDT,2025-09-12T04:12:13Z
MPAA/USDT,MPAA,USDT,2025-09-12T04:12:13Z
EARNM/USDT,EARNM,USDT,2025-09-12T04:12:13Z
LCAT/USDT,LCAT,USDT,2025-09-12T04:12:13Z
HENLO/USDT,HENLO,USDT,2025-09-12T04:12:13Z
DARK/USDT,DARK,USDT,2025-09-12T04:12:13Z
SYLO/USDT,SYLO,USDT,2025-09-13T00:53:08Z
KALIS/USDT,KALIS,USDT,2025-09-13T00:53:08Z
XCV/USDT,XCV,USDT,2025-09-13T00:53:08Z
DOP/USDT,DOP,USDT,2025-09-13T00:53:08Z
FAND/USDT,FAND,USDT,2025-09-13T00:53:08Z
MOON/USDT,MOON,USDT,2025-09-13T00:53:08Z
JUNO/USDT,JUNO,USDT,2025-09-13T00:53:08Z
ABBC/USDT,ABBC,USDT,2025-09-13T00:53:08Z
GQB/USDT,GQB,USDT,2025-09-13T09:13:42Z
WTA/USDT,WTA,USDT,2025-09-13T09:13:42Z
GALAXIS/USDT,GALAXIS,USDT,2025-09-13T09:13:42Z
GULL/USDT,GULL,USDT,2025-09-13T09:13:42Z
GREENBTC/USDT,GREENBTC,USDT,2025-09-13T09:13:42Z
NAP/USDT,NAP,USDT,2025-09-13T09:13:42Z
KRU/USDT,KRU,USDT,2025-09-13T09:13:42Z
NOVA/USDT,NOVA,USDT,2025-09-13T09:13:42Z
EQ/USDT,EQ,USDT,2025-09-13T09:13:42Z
VICS/USDT,VICS,USDT,2025-09-13T09:13:42Z
FINBLOX/USDT,FINBLOX,USDT,2025-09-13T09:13:42Z
GSTOP/USDT,GSTOP,USDT,2025-09-13T09:13:42Z
LEO/USDT,LEO,USDT,2025-09-13T09:13:42Z
FORWARD/USDT,FORWARD,USDT,2025-09-13T09:13:42Z
FLAY/USDT,FLAY,USDT,2025-09-13T09:13:42Z
OGGYETH/USDT,OGGYETH,USDT,2025-09-13T09:13:42Z
GQ/USDT,GQ,USDT,2025-09-13T09:13:42Z
MASS/USDT,MASS,USDT,2025-09-13T09:13:42Z
CT/USDT,CT,USDT,2025-09-13T09:13:42Z
WALK/USDT,WALK,USDT,2025-09-13T09:13:42Z
DPR/USDT,DPR,USDT,2025-09-13T09:13:42Z
FUCOIN/USDT,FUCOIN,USDT,2025-09-13T09:13:42Z
MNEMO/USDT,MNEMO,USDT,2025-09-13T09:13:42Z
GENO/USDT,GENO,USDT,2025-09-13T09:13:42Z
OMN/USDT,OMN,USDT,2025-09-13T09:13:42Z
CROWN/USDT,CROWN,USDT,2025-09-13T09:13:42Z
INFOFI/USDT,INFOFI,USDT,2025-09-13T09:13:42Z
DRA/USDT,DRA,USDT,2025-09-13T09:13:42Z
UOS/USDT,UOS,USDT,2025-09-13T09:13:42Z
GTCOIN/USDT,GTCOIN,USDT,2025-09-13T09:13:42Z
XLS/USDT,XLS,USDT,2025-09-13T09:13:42Z
RENQ/USDT,RENQ,USDT,2025-09-13T09:13:42Z
CATE/USDT,CATE,USDT,2025-09-13T09:13:42Z
UPT/USDT,UPT,USDT,2025-09-13T09:13:42Z
MUDOL2/USDT,MUDOL2,USDT,2025-09-13T09:13:42Z
JSM/USDT,JSM,USDT,2025-09-13T09:13:42Z
GROW/USDT,GROW,USDT,2025-09-13T09:13:42Z
ZRS/USDT,ZRS,USDT,2025-09-13T09:13:42Z
YAKA/USDT,YAKA,USDT,2025-09-13T09:13:42Z
IONX/USDT,IONX,USDT,2025-09-13T09:13:42Z
LMCSWAP/USDT,LMCSWAP,USDT,2025-09-13T09:13:42Z
PKTC/USDT,PKTC,USDT,2025-09-13T09:13:42Z
KDG/USDT,KDG,USDT,2025-09-13T09:13:42Z
HQ/USDT,HQ,USDT,2025-09-13T09:13:42Z
BITCAT/USDT,BITCAT,USDT,2025-09-13T09:13:42Z
PMG/USDT,PMG,USDT,2025-09-13T09:13:42Z
AE/USDT,AE,USDT,2025-09-13T09:13:42Z
RETARDIO/USDT,RETARDIO,USDT,2025-09-13T09:13:42Z
SQUAD/USDT,SQUAD,USDT,2025-09-13T09:13:42Z
ELK/USDT,ELK,USDT,2025-09-13T09:13:42Z
NEBL/USDT,NEBL,USDT,2025-09-13T09:13:42Z
EXS/USDT,EXS,USDT,2025-09-13T09:13:42Z
EON/USDT,EON,USDT,2025-09-13T09:13:42Z
AJUN/USDT,AJUN,USDT,2025-09-13T09:13:42Z
MCB/USDT,MCB,USDT,2025-09-13T09:13:42Z
OCMT/USDT,OCMT,USDT,2025-09-13T09:13:42Z
AGNT/USDT,AGNT,USDT,2025-09-13T09:13:42Z
CRTS/USDT,CRTS,USDT,2025-09-13T09:13:42Z
LBTC/USDT,LBTC,USDT,2025-09-13T09:13:42Z
GGMT/USDT,GGMT,USDT,2025-09-13T09:13:42Z
STAGE/USDT,STAGE,USDT,2025-09-13T09:13:42Z
SCAM/USDT,SCAM,USDT,2025-09-13T09:13:42Z
FWC/USDT,FWC,USDT,2025-09-13T09:13:42Z
MPAA/USDT,MPAA,USDT,2025-09-13T09:13:42Z
EARNM/USDT,EARNM,USDT,2025-09-13T09:13:42Z
LCAT/USDT,LCAT,USDT,2025-09-13T09:13:42Z
HENLO/USDT,HENLO,USDT,2025-09-13T09:13:42Z
LBTC1/USDT,LBTC1,USDT,2025-09-13T11:42:12Z
